admin_illness_name,date,count
上呼吸道感染,20190201,94
上呼吸道感染,20190202,121
上呼吸道感染,20190203,91
上呼吸道感染,20190204,93
上呼吸道感染,20190205,43
上呼吸道感染,20190206,79
上呼吸道感染,20190207,59
上呼吸道感染,20190208,95
上呼吸道感染,20190209,71
上呼吸道感染,20190210,69
上呼吸道感染,20190211,106
上呼吸道感染,20190212,74
上呼吸道感染,20190213,60
上呼吸道感染,20190214,72
上呼吸道感染,20190215,69
上呼吸道感染,20190216,45
上呼吸道感染,20190217,60
上呼吸道感染,20190218,54
上呼吸道感染,20190219,48
上呼吸道感染,20190220,58
上呼吸道感染,20190221,44
上呼吸道感染,20190222,70
上呼吸道感染,20190223,40
上呼吸道感染,20190224,46
上呼吸道感染,20190225,63
上呼吸道感染,20190226,50
上呼吸道感染,20190227,37
上呼吸道感染,20190228,35
上呼吸道感染,20190501,78
上呼吸道感染,20190502,51
上呼吸道感染,20190503,77
上呼吸道感染,20190504,113
上呼吸道感染,20190505,79
上呼吸道感染,20190506,72
上呼吸道感染,20190507,91
上呼吸道感染,20190508,76
上呼吸道感染,20190509,81
上呼吸道感染,20190510,87
上呼吸道感染,20190511,51
上呼吸道感染,20190512,88
上呼吸道感染,20190513,97
上呼吸道感染,20190514,55
上呼吸道感染,20190515,84
上呼吸道感染,20190516,50
上呼吸道感染,20190517,80
上呼吸道感染,20190518,62
上呼吸道感染,20190519,82
上呼吸道感染,20190520,83
上呼吸道感染,20190521,81
上呼吸道感染,20190522,57
上呼吸道感染,20190523,82
上呼吸道感染,20190524,72
上呼吸道感染,20190525,65
上呼吸道感染,20190526,91
上呼吸道感染,20190527,85
上呼吸道感染,20190528,82
上呼吸道感染,20190529,66
上呼吸道感染,20190530,47
上呼吸道感染,20190531,88
上呼吸道感染,20190801,68
上呼吸道感染,20190802,102
上呼吸道感染,20190803,112
上呼吸道感染,20190804,107
上呼吸道感染,20190805,87
上呼吸道感染,20190806,78
上呼吸道感染,20190807,99
上呼吸道感染,20190808,49
上呼吸道感染,20190809,101
上呼吸道感染,20190810,75
上呼吸道感染,20190811,92
上呼吸道感染,20190812,62
上呼吸道感染,20190813,60
上呼吸道感染,20190814,99
上呼吸道感染,20190815,71
上呼吸道感染,20190816,85
上呼吸道感染,20190817,108
上呼吸道感染,20190818,93
上呼吸道感染,20190819,134
上呼吸道感染,20190820,93
上呼吸道感染,20190821,120
上呼吸道感染,20190822,100
上呼吸道感染,20190823,112
上呼吸道感染,20190824,118
上呼吸道感染,20190825,150
上呼吸道感染,20190826,100
上呼吸道感染,20190827,93
上呼吸道感染,20190828,77
上呼吸道感染,20190829,93
上呼吸道感染,20190830,125
上呼吸道感染,20190831,66
上呼吸道感染,20191101,108
上呼吸道感染,20191102,86
上呼吸道感染,20191103,103
上呼吸道感染,20191104,86
上呼吸道感染,20191105,66
上呼吸道感染,20191106,97
上呼吸道感染,20191107,74
上呼吸道感染,20191108,109
上呼吸道感染,20191109,93
上呼吸道感染,20191110,102
上呼吸道感染,20191111,109
上呼吸道感染,20191112,96
上呼吸道感染,20191113,116
上呼吸道感染,20191114,88
上呼吸道感染,20191115,105
上呼吸道感染,20191116,148
上呼吸道感染,20191117,99
上呼吸道感染,20191118,105
上呼吸道感染,20191119,77
上呼吸道感染,20191120,118
上呼吸道感染,20191121,109
上呼吸道感染,20191122,102
上呼吸道感染,20191123,78
上呼吸道感染,20191124,132
上呼吸道感染,20191125,122
上呼吸道感染,20191126,87
上呼吸道感染,20191127,112
上呼吸道感染,20191128,112
上呼吸道感染,20191129,119
上呼吸道感染,20191130,118
上呼吸道疾病,20190201,3
上呼吸道疾病,20190202,8
上呼吸道疾病,20190203,9
上呼吸道疾病,20190204,9
上呼吸道疾病,20190205,6
上呼吸道疾病,20190206,11
上呼吸道疾病,20190207,10
上呼吸道疾病,20190208,4
上呼吸道疾病,20190209,1
上呼吸道疾病,20190210,1
上呼吸道疾病,20190211,4
上呼吸道疾病,20190212,6
上呼吸道疾病,20190213,3
上呼吸道疾病,20190214,3
上呼吸道疾病,20190215,13
上呼吸道疾病,20190216,11
上呼吸道疾病,20190217,6
上呼吸道疾病,20190218,1
上呼吸道疾病,20190219,3
上呼吸道疾病,20190220,5
上呼吸道疾病,20190221,2
上呼吸道疾病,20190222,3
上呼吸道疾病,20190223,7
上呼吸道疾病,20190224,11
上呼吸道疾病,20190225,6
上呼吸道疾病,20190226,2
上呼吸道疾病,20190227,3
上呼吸道疾病,20190228,6
上呼吸道疾病,20190501,2
上呼吸道疾病,20190502,3
上呼吸道疾病,20190503,12
上呼吸道疾病,20190504,5
上呼吸道疾病,20190505,10
上呼吸道疾病,20190506,9
上呼吸道疾病,20190507,11
上呼吸道疾病,20190508,8
上呼吸道疾病,20190509,3
上呼吸道疾病,20190510,4
上呼吸道疾病,20190511,3
上呼吸道疾病,20190514,2
上呼吸道疾病,20190515,2
上呼吸道疾病,20190517,2
上呼吸道疾病,20190518,6
上呼吸道疾病,20190519,1
上呼吸道疾病,20190520,3
上呼吸道疾病,20190521,3
上呼吸道疾病,20190522,2
上呼吸道疾病,20190523,4
上呼吸道疾病,20190524,2
上呼吸道疾病,20190525,7
上呼吸道疾病,20190526,4
上呼吸道疾病,20190527,1
上呼吸道疾病,20190528,1
上呼吸道疾病,20190529,8
上呼吸道疾病,20190530,3
上呼吸道疾病,20190531,7
上呼吸道疾病,20190801,12
上呼吸道疾病,20190802,4
上呼吸道疾病,20190803,10
上呼吸道疾病,20190804,10
上呼吸道疾病,20190805,6
上呼吸道疾病,20190806,13
上呼吸道疾病,20190807,3
上呼吸道疾病,20190808,13
上呼吸道疾病,20190809,10
上呼吸道疾病,20190810,7
上呼吸道疾病,20190811,8
上呼吸道疾病,20190812,6
上呼吸道疾病,20190813,4
上呼吸道疾病,20190814,6
上呼吸道疾病,20190815,11
上呼吸道疾病,20190816,10
上呼吸道疾病,20190817,2
上呼吸道疾病,20190818,6
上呼吸道疾病,20190819,4
上呼吸道疾病,20190821,1
上呼吸道疾病,20190822,3
上呼吸道疾病,20190823,4
上呼吸道疾病,20190824,3
上呼吸道疾病,20190825,5
上呼吸道疾病,20190826,1
上呼吸道疾病,20190827,4
上呼吸道疾病,20190828,1
上呼吸道疾病,20190829,1
上呼吸道疾病,20190830,8
上呼吸道疾病,20190831,13
上呼吸道疾病,20191101,9
上呼吸道疾病,20191102,10
上呼吸道疾病,20191104,8
上呼吸道疾病,20191105,8
上呼吸道疾病,20191106,9
上呼吸道疾病,20191107,6
上呼吸道疾病,20191108,4
上呼吸道疾病,20191109,8
上呼吸道疾病,20191110,3
上呼吸道疾病,20191111,6
上呼吸道疾病,20191112,7
上呼吸道疾病,20191113,4
上呼吸道疾病,20191114,1
上呼吸道疾病,20191115,2
上呼吸道疾病,20191116,6
上呼吸道疾病,20191117,1
上呼吸道疾病,20191118,1
上呼吸道疾病,20191119,5
上呼吸道疾病,20191120,6
上呼吸道疾病,20191121,4
上呼吸道疾病,20191122,2
上呼吸道疾病,20191123,5
上呼吸道疾病,20191124,1
上呼吸道疾病,20191125,4
上呼吸道疾病,20191126,4
上呼吸道疾病,20191127,7
上呼吸道疾病,20191128,4
上呼吸道疾病,20191129,6
上呼吸道疾病,20191130,5
丘疹性荨麻疹,20190201,2
丘疹性荨麻疹,20190202,1
丘疹性荨麻疹,20190203,2
丘疹性荨麻疹,20190204,1
丘疹性荨麻疹,20190206,1
丘疹性荨麻疹,20190207,6
丘疹性荨麻疹,20190208,2
丘疹性荨麻疹,20190209,5
丘疹性荨麻疹,20190210,1
丘疹性荨麻疹,20190211,5
丘疹性荨麻疹,20190212,3
丘疹性荨麻疹,20190213,2
丘疹性荨麻疹,20190214,2
丘疹性荨麻疹,20190215,5
丘疹性荨麻疹,20190216,5
丘疹性荨麻疹,20190217,2
丘疹性荨麻疹,20190218,1
丘疹性荨麻疹,20190219,3
丘疹性荨麻疹,20190220,1
丘疹性荨麻疹,20190221,1
丘疹性荨麻疹,20190222,2
丘疹性荨麻疹,20190223,3
丘疹性荨麻疹,20190224,4
丘疹性荨麻疹,20190225,4
丘疹性荨麻疹,20190226,4
丘疹性荨麻疹,20190227,4
丘疹性荨麻疹,20190228,2
丘疹性荨麻疹,20190501,17
丘疹性荨麻疹,20190502,12
丘疹性荨麻疹,20190503,12
丘疹性荨麻疹,20190504,16
丘疹性荨麻疹,20190505,29
丘疹性荨麻疹,20190506,20
丘疹性荨麻疹,20190507,10
丘疹性荨麻疹,20190508,16
丘疹性荨麻疹,20190509,15
丘疹性荨麻疹,20190510,17
丘疹性荨麻疹,20190511,28
丘疹性荨麻疹,20190512,14
丘疹性荨麻疹,20190513,27
丘疹性荨麻疹,20190514,22
丘疹性荨麻疹,20190515,20
丘疹性荨麻疹,20190516,25
丘疹性荨麻疹,20190517,24
丘疹性荨麻疹,20190518,25
丘疹性荨麻疹,20190519,27
丘疹性荨麻疹,20190520,16
丘疹性荨麻疹,20190521,20
丘疹性荨麻疹,20190522,29
丘疹性荨麻疹,20190523,30
丘疹性荨麻疹,20190524,22
丘疹性荨麻疹,20190525,13
丘疹性荨麻疹,20190526,17
丘疹性荨麻疹,20190527,19
丘疹性荨麻疹,20190528,27
丘疹性荨麻疹,20190529,23
丘疹性荨麻疹,20190530,18
丘疹性荨麻疹,20190531,15
丘疹性荨麻疹,20190801,9
丘疹性荨麻疹,20190802,10
丘疹性荨麻疹,20190803,10
丘疹性荨麻疹,20190804,11
丘疹性荨麻疹,20190805,15
丘疹性荨麻疹,20190806,16
丘疹性荨麻疹,20190807,23
丘疹性荨麻疹,20190808,15
丘疹性荨麻疹,20190809,18
丘疹性荨麻疹,20190810,16
丘疹性荨麻疹,20190811,10
丘疹性荨麻疹,20190812,12
丘疹性荨麻疹,20190813,9
丘疹性荨麻疹,20190814,18
丘疹性荨麻疹,20190815,20
丘疹性荨麻疹,20190816,12
丘疹性荨麻疹,20190817,19
丘疹性荨麻疹,20190818,10
丘疹性荨麻疹,20190819,16
丘疹性荨麻疹,20190820,18
丘疹性荨麻疹,20190821,14
丘疹性荨麻疹,20190822,15
丘疹性荨麻疹,20190823,16
丘疹性荨麻疹,20190824,19
丘疹性荨麻疹,20190825,14
丘疹性荨麻疹,20190826,27
丘疹性荨麻疹,20190827,13
丘疹性荨麻疹,20190828,18
丘疹性荨麻疹,20190829,9
丘疹性荨麻疹,20190830,17
丘疹性荨麻疹,20190831,16
丘疹性荨麻疹,20191101,17
丘疹性荨麻疹,20191102,11
丘疹性荨麻疹,20191103,15
丘疹性荨麻疹,20191104,18
丘疹性荨麻疹,20191105,13
丘疹性荨麻疹,20191106,23
丘疹性荨麻疹,20191107,22
丘疹性荨麻疹,20191108,14
丘疹性荨麻疹,20191109,25
丘疹性荨麻疹,20191110,9
丘疹性荨麻疹,20191111,18
丘疹性荨麻疹,20191112,14
丘疹性荨麻疹,20191113,15
丘疹性荨麻疹,20191114,24
丘疹性荨麻疹,20191115,13
丘疹性荨麻疹,20191116,19
丘疹性荨麻疹,20191117,9
丘疹性荨麻疹,20191118,16
丘疹性荨麻疹,20191119,11
丘疹性荨麻疹,20191120,9
丘疹性荨麻疹,20191121,10
丘疹性荨麻疹,20191122,10
丘疹性荨麻疹,20191123,10
丘疹性荨麻疹,20191124,9
丘疹性荨麻疹,20191125,10
丘疹性荨麻疹,20191126,11
丘疹性荨麻疹,20191127,4
丘疹性荨麻疹,20191128,5
丘疹性荨麻疹,20191129,4
丘疹性荨麻疹,20191130,5
中耳炎,20190201,29
中耳炎,20190202,28
中耳炎,20190203,27
中耳炎,20190204,16
中耳炎,20190205,13
中耳炎,20190206,9
中耳炎,20190207,23
中耳炎,20190208,12
中耳炎,20190209,14
中耳炎,20190210,27
中耳炎,20190211,19
中耳炎,20190212,21
中耳炎,20190213,22
中耳炎,20190214,19
中耳炎,20190215,18
中耳炎,20190216,18
中耳炎,20190217,35
中耳炎,20190218,29
中耳炎,20190219,30
中耳炎,20190220,25
中耳炎,20190221,16
中耳炎,20190222,17
中耳炎,20190223,21
中耳炎,20190224,24
中耳炎,20190225,25
中耳炎,20190226,18
中耳炎,20190227,27
中耳炎,20190228,15
中耳炎,20190501,24
中耳炎,20190502,18
中耳炎,20190503,22
中耳炎,20190504,24
中耳炎,20190505,28
中耳炎,20190506,27
中耳炎,20190507,25
中耳炎,20190508,32
中耳炎,20190509,29
中耳炎,20190510,36
中耳炎,20190511,18
中耳炎,20190512,24
中耳炎,20190513,32
中耳炎,20190514,24
中耳炎,20190515,18
中耳炎,20190516,29
中耳炎,20190517,35
中耳炎,20190518,22
中耳炎,20190519,30
中耳炎,20190520,38
中耳炎,20190521,20
中耳炎,20190522,16
中耳炎,20190523,21
中耳炎,20190524,28
中耳炎,20190525,20
中耳炎,20190526,19
中耳炎,20190527,44
中耳炎,20190528,28
中耳炎,20190529,21
中耳炎,20190530,27
中耳炎,20190531,21
中耳炎,20190801,19
中耳炎,20190802,24
中耳炎,20190803,30
中耳炎,20190804,16
中耳炎,20190805,20
中耳炎,20190806,24
中耳炎,20190807,18
中耳炎,20190808,8
中耳炎,20190809,18
中耳炎,20190810,23
中耳炎,20190811,15
中耳炎,20190812,17
中耳炎,20190813,27
中耳炎,20190814,22
中耳炎,20190815,18
中耳炎,20190816,19
中耳炎,20190817,14
中耳炎,20190818,18
中耳炎,20190819,13
中耳炎,20190820,18
中耳炎,20190821,13
中耳炎,20190822,21
中耳炎,20190823,14
中耳炎,20190824,13
中耳炎,20190825,12
中耳炎,20190826,16
中耳炎,20190827,15
中耳炎,20190828,12
中耳炎,20190829,17
中耳炎,20190830,18
中耳炎,20190831,11
中耳炎,20191101,25
中耳炎,20191102,30
中耳炎,20191103,22
中耳炎,20191104,31
中耳炎,20191105,33
中耳炎,20191106,27
中耳炎,20191107,34
中耳炎,20191108,39
中耳炎,20191109,41
中耳炎,20191110,28
中耳炎,20191111,44
中耳炎,20191112,43
中耳炎,20191113,25
中耳炎,20191114,55
中耳炎,20191115,38
中耳炎,20191116,41
中耳炎,20191117,31
中耳炎,20191118,33
中耳炎,20191119,53
中耳炎,20191120,37
中耳炎,20191121,29
中耳炎,20191122,31
中耳炎,20191123,45
中耳炎,20191124,24
中耳炎,20191125,43
中耳炎,20191126,56
中耳炎,20191127,32
中耳炎,20191128,27
中耳炎,20191129,35
中耳炎,20191130,46
发热,20190201,644
发热,20190202,603
发热,20190203,535
发热,20190204,450
发热,20190205,493
发热,20190206,470
发热,20190207,433
发热,20190208,458
发热,20190209,434
发热,20190210,484
发热,20190211,421
发热,20190212,435
发热,20190213,377
发热,20190214,371
发热,20190215,328
发热,20190216,372
发热,20190217,391
发热,20190218,304
发热,20190219,307
发热,20190220,335
发热,20190221,322
发热,20190222,350
发热,20190223,339
发热,20190224,328
发热,20190225,348
发热,20190226,341
发热,20190227,353
发热,20190228,332
发热,20190501,411
发热,20190502,380
发热,20190503,363
发热,20190504,387
发热,20190505,419
发热,20190506,415
发热,20190507,391
发热,20190508,423
发热,20190509,391
发热,20190510,390
发热,20190511,366
发热,20190512,398
发热,20190513,384
发热,20190514,461
发热,20190515,535
发热,20190516,424
发热,20190517,455
发热,20190518,425
发热,20190519,396
发热,20190520,440
发热,20190521,418
发热,20190522,421
发热,20190523,389
发热,20190524,396
发热,20190525,430
发热,20190526,439
发热,20190527,418
发热,20190528,449
发热,20190529,490
发热,20190530,470
发热,20190531,440
发热,20190801,384
发热,20190802,368
发热,20190803,361
发热,20190804,331
发热,20190805,396
发热,20190806,332
发热,20190807,335
发热,20190808,353
发热,20190809,376
发热,20190810,352
发热,20190811,302
发热,20190812,316
发热,20190813,336
发热,20190814,298
发热,20190815,288
发热,20190816,314
发热,20190817,296
发热,20190818,311
发热,20190819,294
发热,20190820,298
发热,20190821,357
发热,20190822,298
发热,20190823,287
发热,20190824,268
发热,20190825,260
发热,20190826,289
发热,20190827,313
发热,20190828,298
发热,20190829,282
发热,20190830,306
发热,20190831,295
发热,20191101,229
发热,20191102,241
发热,20191103,231
发热,20191104,215
发热,20191105,219
发热,20191106,203
发热,20191107,246
发热,20191108,240
发热,20191109,257
发热,20191110,257
发热,20191111,242
发热,20191112,271
发热,20191113,287
发热,20191114,274
发热,20191115,299
发热,20191116,254
发热,20191117,242
发热,20191118,267
发热,20191119,290
发热,20191120,268
发热,20191121,284
发热,20191122,345
发热,20191123,275
发热,20191124,306
发热,20191125,303
发热,20191126,294
发热,20191127,325
发热,20191128,314
发热,20191129,346
发热,20191130,320
变应性鼻炎,20190201,16
变应性鼻炎,20190202,3
变应性鼻炎,20190203,6
变应性鼻炎,20190204,7
变应性鼻炎,20190206,4
变应性鼻炎,20190207,2
变应性鼻炎,20190208,14
变应性鼻炎,20190209,4
变应性鼻炎,20190210,9
变应性鼻炎,20190211,19
变应性鼻炎,20190212,8
变应性鼻炎,20190213,9
变应性鼻炎,20190214,13
变应性鼻炎,20190215,18
变应性鼻炎,20190216,10
变应性鼻炎,20190217,3
变应性鼻炎,20190218,25
变应性鼻炎,20190219,2
变应性鼻炎,20190220,5
变应性鼻炎,20190221,10
变应性鼻炎,20190222,8
变应性鼻炎,20190223,20
变应性鼻炎,20190224,10
变应性鼻炎,20190225,9
变应性鼻炎,20190226,4
变应性鼻炎,20190227,10
变应性鼻炎,20190228,17
变应性鼻炎,20190501,9
变应性鼻炎,20190502,9
变应性鼻炎,20190503,32
变应性鼻炎,20190504,51
变应性鼻炎,20190505,12
变应性鼻炎,20190506,10
变应性鼻炎,20190507,30
变应性鼻炎,20190508,5
变应性鼻炎,20190509,12
变应性鼻炎,20190510,7
变应性鼻炎,20190511,63
变应性鼻炎,20190512,13
变应性鼻炎,20190513,5
变应性鼻炎,20190514,23
变应性鼻炎,20190515,11
变应性鼻炎,20190516,7
变应性鼻炎,20190517,29
变应性鼻炎,20190518,43
变应性鼻炎,20190519,10
变应性鼻炎,20190520,5
变应性鼻炎,20190521,20
变应性鼻炎,20190522,7
变应性鼻炎,20190523,5
变应性鼻炎,20190524,20
变应性鼻炎,20190525,55
变应性鼻炎,20190526,6
变应性鼻炎,20190527,9
变应性鼻炎,20190528,15
变应性鼻炎,20190529,11
变应性鼻炎,20190530,15
变应性鼻炎,20190531,19
变应性鼻炎,20190801,7
变应性鼻炎,20190802,12
变应性鼻炎,20190803,16
变应性鼻炎,20190804,27
变应性鼻炎,20190805,1
变应性鼻炎,20190806,4
变应性鼻炎,20190807,13
变应性鼻炎,20190808,3
变应性鼻炎,20190809,13
变应性鼻炎,20190810,8
变应性鼻炎,20190811,15
变应性鼻炎,20190812,3
变应性鼻炎,20190813,7
变应性鼻炎,20190814,27
变应性鼻炎,20190815,6
变应性鼻炎,20190816,15
变应性鼻炎,20190817,24
变应性鼻炎,20190818,13
变应性鼻炎,20190819,30
变应性鼻炎,20190820,18
变应性鼻炎,20190821,34
变应性鼻炎,20190822,18
变应性鼻炎,20190823,27
变应性鼻炎,20190824,29
变应性鼻炎,20190825,51
变应性鼻炎,20190826,15
变应性鼻炎,20190827,17
变应性鼻炎,20190828,34
变应性鼻炎,20190829,39
变应性鼻炎,20190830,15
变应性鼻炎,20190831,38
变应性鼻炎,20191101,43
变应性鼻炎,20191102,44
变应性鼻炎,20191103,58
变应性鼻炎,20191104,5
变应性鼻炎,20191105,10
变应性鼻炎,20191106,32
变应性鼻炎,20191107,4
变应性鼻炎,20191108,30
变应性鼻炎,20191109,15
变应性鼻炎,20191110,45
变应性鼻炎,20191111,4
变应性鼻炎,20191112,8
变应性鼻炎,20191113,37
变应性鼻炎,20191114,1
变应性鼻炎,20191115,33
变应性鼻炎,20191116,18
变应性鼻炎,20191117,50
变应性鼻炎,20191118,3
变应性鼻炎,20191119,5
变应性鼻炎,20191120,29
变应性鼻炎,20191121,1
变应性鼻炎,20191122,28
变应性鼻炎,20191123,10
变应性鼻炎,20191124,56
变应性鼻炎,20191125,4
变应性鼻炎,20191126,4
变应性鼻炎,20191127,23
变应性鼻炎,20191128,3
变应性鼻炎,20191129,28
变应性鼻炎,20191130,8
呕吐,20190201,39
呕吐,20190202,30
呕吐,20190203,26
呕吐,20190204,28
呕吐,20190205,25
呕吐,20190206,40
呕吐,20190207,39
呕吐,20190208,39
呕吐,20190209,48
呕吐,20190210,52
呕吐,20190211,46
呕吐,20190212,46
呕吐,20190213,40
呕吐,20190214,59
呕吐,20190215,50
呕吐,20190216,39
呕吐,20190217,34
呕吐,20190218,44
呕吐,20190219,24
呕吐,20190220,39
呕吐,20190221,32
呕吐,20190222,40
呕吐,20190223,35
呕吐,20190224,40
呕吐,20190225,43
呕吐,20190226,29
呕吐,20190227,43
呕吐,20190228,37
呕吐,20190501,32
呕吐,20190502,15
呕吐,20190503,13
呕吐,20190504,22
呕吐,20190505,26
呕吐,20190506,28
呕吐,20190507,39
呕吐,20190508,30
呕吐,20190509,33
呕吐,20190510,26
呕吐,20190511,33
呕吐,20190512,34
呕吐,20190513,30
呕吐,20190514,40
呕吐,20190515,35
呕吐,20190516,33
呕吐,20190517,42
呕吐,20190518,40
呕吐,20190519,28
呕吐,20190520,22
呕吐,20190521,40
呕吐,20190522,37
呕吐,20190523,30
呕吐,20190524,34
呕吐,20190525,40
呕吐,20190526,23
呕吐,20190527,35
呕吐,20190528,41
呕吐,20190529,31
呕吐,20190530,47
呕吐,20190531,39
呕吐,20190801,25
呕吐,20190802,19
呕吐,20190803,14
呕吐,20190804,10
呕吐,20190805,26
呕吐,20190806,23
呕吐,20190807,27
呕吐,20190808,30
呕吐,20190809,60
呕吐,20190810,39
呕吐,20190811,19
呕吐,20190812,18
呕吐,20190813,15
呕吐,20190814,17
呕吐,20190815,26
呕吐,20190816,23
呕吐,20190817,26
呕吐,20190818,19
呕吐,20190819,23
呕吐,20190820,14
呕吐,20190821,15
呕吐,20190822,23
呕吐,20190823,17
呕吐,20190824,18
呕吐,20190825,15
呕吐,20190826,27
呕吐,20190827,24
呕吐,20190828,19
呕吐,20190829,17
呕吐,20190830,18
呕吐,20190831,24
呕吐,20191101,37
呕吐,20191102,33
呕吐,20191103,38
呕吐,20191104,56
呕吐,20191105,54
呕吐,20191106,42
呕吐,20191107,47
呕吐,20191108,39
呕吐,20191109,40
呕吐,20191110,42
呕吐,20191111,39
呕吐,20191112,40
呕吐,20191113,33
呕吐,20191114,50
呕吐,20191115,47
呕吐,20191116,36
呕吐,20191117,44
呕吐,20191118,60
呕吐,20191119,48
呕吐,20191120,49
呕吐,20191121,54
呕吐,20191122,63
呕吐,20191123,58
呕吐,20191124,57
呕吐,20191125,60
呕吐,20191126,71
呕吐,20191127,46
呕吐,20191128,62
呕吐,20191129,44
呕吐,20191130,56
呼吸道感染,20190201,51
呼吸道感染,20190202,12
呼吸道感染,20190203,34
呼吸道感染,20190204,38
呼吸道感染,20190205,46
呼吸道感染,20190206,35
呼吸道感染,20190207,32
呼吸道感染,20190208,28
呼吸道感染,20190209,45
呼吸道感染,20190210,38
呼吸道感染,20190211,22
呼吸道感染,20190212,19
呼吸道感染,20190213,42
呼吸道感染,20190214,20
呼吸道感染,20190215,10
呼吸道感染,20190216,21
呼吸道感染,20190217,25
呼吸道感染,20190218,18
呼吸道感染,20190219,26
呼吸道感染,20190220,23
呼吸道感染,20190221,30
呼吸道感染,20190222,11
呼吸道感染,20190223,13
呼吸道感染,20190224,22
呼吸道感染,20190225,14
呼吸道感染,20190226,14
呼吸道感染,20190227,27
呼吸道感染,20190228,22
呼吸道感染,20190501,30
呼吸道感染,20190502,41
呼吸道感染,20190503,21
呼吸道感染,20190504,15
呼吸道感染,20190505,33
呼吸道感染,20190506,35
呼吸道感染,20190507,20
呼吸道感染,20190508,30
呼吸道感染,20190509,26
呼吸道感染,20190510,10
呼吸道感染,20190511,43
呼吸道感染,20190512,48
呼吸道感染,20190513,29
呼吸道感染,20190514,51
呼吸道感染,20190515,18
呼吸道感染,20190516,34
呼吸道感染,20190517,11
呼吸道感染,20190518,55
呼吸道感染,20190519,28
呼吸道感染,20190520,28
呼吸道感染,20190521,27
呼吸道感染,20190522,36
呼吸道感染,20190523,34
呼吸道感染,20190524,17
呼吸道感染,20190525,39
呼吸道感染,20190526,35
呼吸道感染,20190527,24
呼吸道感染,20190528,24
呼吸道感染,20190529,28
呼吸道感染,20190530,42
呼吸道感染,20190531,14
呼吸道感染,20190801,52
呼吸道感染,20190802,65
呼吸道感染,20190803,33
呼吸道感染,20190804,44
呼吸道感染,20190805,77
呼吸道感染,20190806,40
呼吸道感染,20190807,45
呼吸道感染,20190808,74
呼吸道感染,20190809,50
呼吸道感染,20190810,40
呼吸道感染,20190811,18
呼吸道感染,20190812,50
呼吸道感染,20190813,37
呼吸道感染,20190814,43
呼吸道感染,20190815,35
呼吸道感染,20190816,32
呼吸道感染,20190817,37
呼吸道感染,20190818,38
呼吸道感染,20190819,36
呼吸道感染,20190820,52
呼吸道感染,20190821,53
呼吸道感染,20190822,44
呼吸道感染,20190823,27
呼吸道感染,20190824,38
呼吸道感染,20190825,30
呼吸道感染,20190826,47
呼吸道感染,20190827,37
呼吸道感染,20190828,48
呼吸道感染,20190829,45
呼吸道感染,20190830,37
呼吸道感染,20190831,25
呼吸道感染,20191101,42
呼吸道感染,20191102,64
呼吸道感染,20191103,49
呼吸道感染,20191104,82
呼吸道感染,20191105,65
呼吸道感染,20191106,60
呼吸道感染,20191107,49
呼吸道感染,20191108,60
呼吸道感染,20191109,34
呼吸道感染,20191110,55
呼吸道感染,20191111,48
呼吸道感染,20191112,69
呼吸道感染,20191113,61
呼吸道感染,20191114,59
呼吸道感染,20191115,32
呼吸道感染,20191116,36
呼吸道感染,20191117,50
呼吸道感染,20191118,65
呼吸道感染,20191119,41
呼吸道感染,20191120,52
呼吸道感染,20191121,73
呼吸道感染,20191122,38
呼吸道感染,20191123,54
呼吸道感染,20191124,34
呼吸道感染,20191125,55
呼吸道感染,20191126,76
呼吸道感染,20191127,54
呼吸道感染,20191128,66
呼吸道感染,20191129,42
呼吸道感染,20191130,62
咳嗽,20190201,149
咳嗽,20190202,134
咳嗽,20190203,130
咳嗽,20190204,109
咳嗽,20190205,82
咳嗽,20190206,130
咳嗽,20190207,124
咳嗽,20190208,137
咳嗽,20190209,151
咳嗽,20190210,161
咳嗽,20190211,143
咳嗽,20190212,132
咳嗽,20190213,116
咳嗽,20190214,89
咳嗽,20190215,132
咳嗽,20190216,111
咳嗽,20190217,140
咳嗽,20190218,125
咳嗽,20190219,93
咳嗽,20190220,96
咳嗽,20190221,96
咳嗽,20190222,112
咳嗽,20190223,107
咳嗽,20190224,134
咳嗽,20190225,115
咳嗽,20190226,99
咳嗽,20190227,122
咳嗽,20190228,112
咳嗽,20190501,159
咳嗽,20190502,157
咳嗽,20190503,133
咳嗽,20190504,118
咳嗽,20190505,130
咳嗽,20190506,141
咳嗽,20190507,151
咳嗽,20190508,123
咳嗽,20190509,118
咳嗽,20190510,171
咳嗽,20190511,128
咳嗽,20190512,159
咳嗽,20190513,131
咳嗽,20190514,160
咳嗽,20190515,155
咳嗽,20190516,135
咳嗽,20190517,130
咳嗽,20190518,154
咳嗽,20190519,157
咳嗽,20190520,148
咳嗽,20190521,134
咳嗽,20190522,147
咳嗽,20190523,128
咳嗽,20190524,134
咳嗽,20190525,122
咳嗽,20190526,172
咳嗽,20190527,141
咳嗽,20190528,144
咳嗽,20190529,135
咳嗽,20190530,161
咳嗽,20190531,133
咳嗽,20190801,82
咳嗽,20190802,127
咳嗽,20190803,111
咳嗽,20190804,113
咳嗽,20190805,107
咳嗽,20190806,87
咳嗽,20190807,106
咳嗽,20190808,84
咳嗽,20190809,98
咳嗽,20190810,106
咳嗽,20190811,108
咳嗽,20190812,95
咳嗽,20190813,116
咳嗽,20190814,92
咳嗽,20190815,104
咳嗽,20190816,136
咳嗽,20190817,119
咳嗽,20190818,119
咳嗽,20190819,135
咳嗽,20190820,97
咳嗽,20190821,107
咳嗽,20190822,109
咳嗽,20190823,127
咳嗽,20190824,124
咳嗽,20190825,119
咳嗽,20190826,155
咳嗽,20190827,123
咳嗽,20190828,121
咳嗽,20190829,110
咳嗽,20190830,120
咳嗽,20190831,140
咳嗽,20191101,149
咳嗽,20191102,195
咳嗽,20191103,200
咳嗽,20191104,172
咳嗽,20191105,186
咳嗽,20191106,163
咳嗽,20191107,142
咳嗽,20191108,140
咳嗽,20191109,159
咳嗽,20191110,210
咳嗽,20191111,184
咳嗽,20191112,153
咳嗽,20191113,195
咳嗽,20191114,167
咳嗽,20191115,190
咳嗽,20191116,182
咳嗽,20191117,238
咳嗽,20191118,198
咳嗽,20191119,202
咳嗽,20191120,203
咳嗽,20191121,186
咳嗽,20191122,223
咳嗽,20191123,158
咳嗽,20191124,214
咳嗽,20191125,226
咳嗽,20191126,202
咳嗽,20191127,252
咳嗽,20191128,208
咳嗽,20191129,201
咳嗽,20191130,203
哮喘,20190201,30
哮喘,20190202,30
哮喘,20190203,31
哮喘,20190204,3
哮喘,20190205,9
哮喘,20190206,5
哮喘,20190207,18
哮喘,20190208,23
哮喘,20190209,22
哮喘,20190210,30
哮喘,20190211,7
哮喘,20190212,42
哮喘,20190213,52
哮喘,20190214,16
哮喘,20190215,25
哮喘,20190216,42
哮喘,20190217,46
哮喘,20190218,15
哮喘,20190219,38
哮喘,20190220,24
哮喘,20190221,43
哮喘,20190222,26
哮喘,20190223,76
哮喘,20190224,33
哮喘,20190225,34
哮喘,20190226,33
哮喘,20190227,49
哮喘,20190228,22
哮喘,20190501,85
哮喘,20190502,17
哮喘,20190503,34
哮喘,20190504,42
哮喘,20190505,5
哮喘,20190506,10
哮喘,20190507,29
哮喘,20190508,49
哮喘,20190509,23
哮喘,20190510,39
哮喘,20190511,69
哮喘,20190512,46
哮喘,20190513,30
哮喘,20190514,28
哮喘,20190515,95
哮喘,20190516,29
哮喘,20190517,27
哮喘,20190518,31
哮喘,20190519,53
哮喘,20190520,18
哮喘,20190521,28
哮喘,20190522,49
哮喘,20190523,28
哮喘,20190524,59
哮喘,20190525,54
哮喘,20190526,46
哮喘,20190527,31
哮喘,20190528,48
哮喘,20190529,52
哮喘,20190530,13
哮喘,20190531,33
哮喘,20190801,29
哮喘,20190802,45
哮喘,20190803,46
哮喘,20190804,42
哮喘,20190805,16
哮喘,20190806,47
哮喘,20190807,60
哮喘,20190808,26
哮喘,20190809,39
哮喘,20190810,44
哮喘,20190811,33
哮喘,20190812,34
哮喘,20190813,42
哮喘,20190814,101
哮喘,20190815,29
哮喘,20190816,55
哮喘,20190817,43
哮喘,20190818,39
哮喘,20190819,18
哮喘,20190820,73
哮喘,20190821,90
哮喘,20190822,31
哮喘,20190823,54
哮喘,20190824,43
哮喘,20190825,56
哮喘,20190826,11
哮喘,20190827,63
哮喘,20190828,97
哮喘,20190829,38
哮喘,20190830,48
哮喘,20190831,44
哮喘,20191101,48
哮喘,20191102,61
哮喘,20191103,28
哮喘,20191104,43
哮喘,20191105,61
哮喘,20191106,33
哮喘,20191107,40
哮喘,20191108,44
哮喘,20191109,74
哮喘,20191110,58
哮喘,20191111,56
哮喘,20191112,55
哮喘,20191113,60
哮喘,20191114,25
哮喘,20191115,47
哮喘,20191116,79
哮喘,20191117,62
哮喘,20191118,43
哮喘,20191119,56
哮喘,20191120,72
哮喘,20191121,34
哮喘,20191122,54
哮喘,20191123,63
哮喘,20191124,67
哮喘,20191125,47
哮喘,20191126,57
哮喘,20191127,31
哮喘,20191128,29
哮喘,20191129,31
哮喘,20191130,85
外伤证,20190201,37
外伤证,20190202,40
外伤证,20190203,38
外伤证,20190204,29
外伤证,20190205,31
外伤证,20190206,51
外伤证,20190207,31
外伤证,20190208,46
外伤证,20190209,29
外伤证,20190210,37
外伤证,20190211,45
外伤证,20190212,30
外伤证,20190213,31
外伤证,20190214,38
外伤证,20190215,62
外伤证,20190216,62
外伤证,20190217,40
外伤证,20190218,41
外伤证,20190219,41
外伤证,20190220,48
外伤证,20190221,52
外伤证,20190222,60
外伤证,20190223,72
外伤证,20190224,75
外伤证,20190225,47
外伤证,20190226,56
外伤证,20190227,56
外伤证,20190228,44
外伤证,20190501,55
外伤证,20190502,123
外伤证,20190503,48
外伤证,20190504,105
外伤证,20190505,76
外伤证,20190506,76
外伤证,20190507,81
外伤证,20190508,83
外伤证,20190509,68
外伤证,20190510,65
外伤证,20190511,84
外伤证,20190512,79
外伤证,20190513,65
外伤证,20190514,78
外伤证,20190515,72
外伤证,20190516,60
外伤证,20190517,87
外伤证,20190518,107
外伤证,20190519,111
外伤证,20190520,93
外伤证,20190521,89
外伤证,20190522,80
外伤证,20190523,91
外伤证,20190524,78
外伤证,20190525,105
外伤证,20190526,119
外伤证,20190527,104
外伤证,20190528,101
外伤证,20190529,97
外伤证,20190530,90
外伤证,20190531,86
外伤证,20190801,89
外伤证,20190802,121
外伤证,20190803,113
外伤证,20190804,112
外伤证,20190805,141
外伤证,20190806,111
外伤证,20190807,88
外伤证,20190808,120
外伤证,20190809,114
外伤证,20190810,104
外伤证,20190811,95
外伤证,20190812,152
外伤证,20190813,108
外伤证,20190814,104
外伤证,20190815,105
外伤证,20190816,137
外伤证,20190817,157
外伤证,20190818,104
外伤证,20190819,104
外伤证,20190820,121
外伤证,20190821,106
外伤证,20190822,100
外伤证,20190823,156
外伤证,20190824,137
外伤证,20190825,138
外伤证,20190826,93
外伤证,20190827,108
外伤证,20190828,88
外伤证,20190829,108
外伤证,20190830,116
外伤证,20190831,102
外伤证,20191101,99
外伤证,20191102,82
外伤证,20191103,103
外伤证,20191104,75
外伤证,20191105,82
外伤证,20191106,68
外伤证,20191107,81
外伤证,20191108,80
外伤证,20191109,82
外伤证,20191110,88
外伤证,20191111,58
外伤证,20191112,48
外伤证,20191113,13
外伤证,20191114,4
外伤证,20191115,30
外伤证,20191116,7
外伤证,20191117,5
外伤证,20191118,3
外伤证,20191119,6
外伤证,20191120,1
外伤证,20191122,5
外伤证,20191123,9
外伤证,20191124,4
外伤证,20191125,2
外伤证,20191126,5
外伤证,20191127,3
外伤证,20191129,3
外伤证,20191130,1
头晕,20190201,15
头晕,20190202,11
头晕,20190203,8
头晕,20190204,9
头晕,20190205,5
头晕,20190206,10
头晕,20190207,7
头晕,20190208,6
头晕,20190209,11
头晕,20190210,12
头晕,20190211,10
头晕,20190212,18
头晕,20190213,10
头晕,20190214,13
头晕,20190215,13
头晕,20190216,11
头晕,20190217,14
头晕,20190218,23
头晕,20190219,6
头晕,20190220,15
头晕,20190221,19
头晕,20190222,12
头晕,20190223,11
头晕,20190224,13
头晕,20190225,23
头晕,20190226,23
头晕,20190227,12
头晕,20190228,25
头晕,20190501,15
头晕,20190502,22
头晕,20190503,15
头晕,20190504,15
头晕,20190505,11
头晕,20190506,23
头晕,20190507,28
头晕,20190508,17
头晕,20190509,16
头晕,20190510,8
头晕,20190511,20
头晕,20190512,17
头晕,20190513,22
头晕,20190514,14
头晕,20190515,11
头晕,20190516,22
头晕,20190517,12
头晕,20190518,16
头晕,20190519,6
头晕,20190520,20
头晕,20190521,13
头晕,20190522,21
头晕,20190523,25
头晕,20190524,9
头晕,20190525,24
头晕,20190526,19
头晕,20190527,19
头晕,20190528,19
头晕,20190529,17
头晕,20190530,25
头晕,20190531,13
头晕,20190801,16
头晕,20190802,8
头晕,20190803,10
头晕,20190804,13
头晕,20190805,12
头晕,20190806,12
头晕,20190807,10
头晕,20190808,12
头晕,20190809,13
头晕,20190810,12
头晕,20190811,7
头晕,20190812,12
头晕,20190813,17
头晕,20190814,21
头晕,20190815,18
头晕,20190816,7
头晕,20190817,16
头晕,20190818,12
头晕,20190819,21
头晕,20190820,14
头晕,20190821,14
头晕,20190822,23
头晕,20190823,14
头晕,20190824,19
头晕,20190825,8
头晕,20190826,32
头晕,20190827,19
头晕,20190828,19
头晕,20190829,23
头晕,20190830,6
头晕,20190831,17
头晕,20191101,17
头晕,20191102,21
头晕,20191103,7
头晕,20191104,19
头晕,20191105,25
头晕,20191106,25
头晕,20191107,30
头晕,20191108,25
头晕,20191109,11
头晕,20191110,17
头晕,20191111,20
头晕,20191112,27
头晕,20191113,9
头晕,20191114,19
头晕,20191115,14
头晕,20191116,10
头晕,20191117,14
头晕,20191118,23
头晕,20191119,13
头晕,20191120,32
头晕,20191121,21
头晕,20191122,10
头晕,20191123,10
头晕,20191124,12
头晕,20191125,23
头晕,20191126,18
头晕,20191127,20
头晕,20191128,13
头晕,20191129,18
头晕,20191130,16
头痛,20190201,23
头痛,20190202,9
头痛,20190203,10
头痛,20190204,7
头痛,20190205,5
头痛,20190206,6
头痛,20190207,5
头痛,20190208,9
头痛,20190209,15
头痛,20190210,10
头痛,20190211,17
头痛,20190212,13
头痛,20190213,12
头痛,20190214,10
头痛,20190215,11
头痛,20190216,11
头痛,20190217,14
头痛,20190218,14
头痛,20190219,7
头痛,20190220,12
头痛,20190221,22
头痛,20190222,20
头痛,20190223,16
头痛,20190224,21
头痛,20190225,26
头痛,20190226,17
头痛,20190227,10
头痛,20190228,17
头痛,20190501,23
头痛,20190502,28
头痛,20190503,24
头痛,20190504,11
头痛,20190505,17
头痛,20190506,26
头痛,20190507,38
头痛,20190508,32
头痛,20190509,28
头痛,20190510,25
头痛,20190511,13
头痛,20190512,26
头痛,20190513,37
头痛,20190514,30
头痛,20190515,18
头痛,20190516,28
头痛,20190517,38
头痛,20190518,23
头痛,20190519,26
头痛,20190520,18
头痛,20190521,36
头痛,20190522,23
头痛,20190523,20
头痛,20190524,27
头痛,20190525,18
头痛,20190526,28
头痛,20190527,20
头痛,20190528,17
头痛,20190529,11
头痛,20190530,24
头痛,20190531,20
头痛,20190801,20
头痛,20190802,22
头痛,20190803,21
头痛,20190804,24
头痛,20190805,29
头痛,20190806,13
头痛,20190807,19
头痛,20190808,21
头痛,20190809,19
头痛,20190810,18
头痛,20190811,10
头痛,20190812,13
头痛,20190813,19
头痛,20190814,20
头痛,20190815,21
头痛,20190816,13
头痛,20190817,15
头痛,20190818,11
头痛,20190819,26
头痛,20190820,26
头痛,20190821,20
头痛,20190822,23
头痛,20190823,21
头痛,20190824,16
头痛,20190825,19
头痛,20190826,24
头痛,20190827,32
头痛,20190828,24
头痛,20190829,28
头痛,20190830,22
头痛,20190831,21
头痛,20191101,36
头痛,20191102,16
头痛,20191103,21
头痛,20191104,33
头痛,20191105,29
头痛,20191106,21
头痛,20191107,20
头痛,20191108,19
头痛,20191109,17
头痛,20191110,14
头痛,20191111,27
头痛,20191112,26
头痛,20191113,24
头痛,20191114,16
头痛,20191115,14
头痛,20191116,25
头痛,20191117,17
头痛,20191118,23
头痛,20191119,13
头痛,20191120,22
头痛,20191121,19
头痛,20191122,21
头痛,20191123,23
头痛,20191124,17
头痛,20191125,35
头痛,20191126,19
头痛,20191127,24
头痛,20191128,14
头痛,20191129,19
头痛,20191130,13
急性上呼吸道感染,20190201,54
急性上呼吸道感染,20190202,61
急性上呼吸道感染,20190203,62
急性上呼吸道感染,20190204,36
急性上呼吸道感染,20190205,37
急性上呼吸道感染,20190206,65
急性上呼吸道感染,20190207,64
急性上呼吸道感染,20190208,49
急性上呼吸道感染,20190209,49
急性上呼吸道感染,20190210,56
急性上呼吸道感染,20190211,41
急性上呼吸道感染,20190212,48
急性上呼吸道感染,20190213,38
急性上呼吸道感染,20190214,35
急性上呼吸道感染,20190215,44
急性上呼吸道感染,20190216,41
急性上呼吸道感染,20190217,51
急性上呼吸道感染,20190218,32
急性上呼吸道感染,20190219,51
急性上呼吸道感染,20190220,29
急性上呼吸道感染,20190221,36
急性上呼吸道感染,20190222,39
急性上呼吸道感染,20190223,48
急性上呼吸道感染,20190224,30
急性上呼吸道感染,20190225,31
急性上呼吸道感染,20190226,44
急性上呼吸道感染,20190227,34
急性上呼吸道感染,20190228,39
急性上呼吸道感染,20190501,48
急性上呼吸道感染,20190502,57
急性上呼吸道感染,20190503,52
急性上呼吸道感染,20190504,64
急性上呼吸道感染,20190505,62
急性上呼吸道感染,20190506,54
急性上呼吸道感染,20190507,62
急性上呼吸道感染,20190508,40
急性上呼吸道感染,20190509,66
急性上呼吸道感染,20190510,40
急性上呼吸道感染,20190511,92
急性上呼吸道感染,20190512,40
急性上呼吸道感染,20190513,53
急性上呼吸道感染,20190514,42
急性上呼吸道感染,20190515,31
急性上呼吸道感染,20190516,38
急性上呼吸道感染,20190517,27
急性上呼吸道感染,20190518,34
急性上呼吸道感染,20190519,34
急性上呼吸道感染,20190520,35
急性上呼吸道感染,20190521,62
急性上呼吸道感染,20190522,59
急性上呼吸道感染,20190523,66
急性上呼吸道感染,20190524,49
急性上呼吸道感染,20190525,38
急性上呼吸道感染,20190526,32
急性上呼吸道感染,20190527,79
急性上呼吸道感染,20190528,65
急性上呼吸道感染,20190529,45
急性上呼吸道感染,20190530,50
急性上呼吸道感染,20190531,34
急性上呼吸道感染,20190801,36
急性上呼吸道感染,20190802,44
急性上呼吸道感染,20190803,37
急性上呼吸道感染,20190804,40
急性上呼吸道感染,20190805,27
急性上呼吸道感染,20190806,55
急性上呼吸道感染,20190807,50
急性上呼吸道感染,20190808,59
急性上呼吸道感染,20190809,41
急性上呼吸道感染,20190810,73
急性上呼吸道感染,20190811,37
急性上呼吸道感染,20190812,40
急性上呼吸道感染,20190813,53
急性上呼吸道感染,20190814,37
急性上呼吸道感染,20190815,37
急性上呼吸道感染,20190816,40
急性上呼吸道感染,20190817,45
急性上呼吸道感染,20190818,20
急性上呼吸道感染,20190819,33
急性上呼吸道感染,20190820,78
急性上呼吸道感染,20190821,33
急性上呼吸道感染,20190822,61
急性上呼吸道感染,20190823,44
急性上呼吸道感染,20190824,45
急性上呼吸道感染,20190825,42
急性上呼吸道感染,20190826,37
急性上呼吸道感染,20190827,58
急性上呼吸道感染,20190828,55
急性上呼吸道感染,20190829,54
急性上呼吸道感染,20190830,42
急性上呼吸道感染,20190831,45
急性上呼吸道感染,20191101,37
急性上呼吸道感染,20191102,45
急性上呼吸道感染,20191103,45
急性上呼吸道感染,20191104,38
急性上呼吸道感染,20191105,51
急性上呼吸道感染,20191106,41
急性上呼吸道感染,20191107,47
急性上呼吸道感染,20191108,32
急性上呼吸道感染,20191109,49
急性上呼吸道感染,20191110,40
急性上呼吸道感染,20191111,45
急性上呼吸道感染,20191112,37
急性上呼吸道感染,20191113,37
急性上呼吸道感染,20191114,39
急性上呼吸道感染,20191115,37
急性上呼吸道感染,20191116,35
急性上呼吸道感染,20191117,37
急性上呼吸道感染,20191118,46
急性上呼吸道感染,20191119,51
急性上呼吸道感染,20191120,42
急性上呼吸道感染,20191121,52
急性上呼吸道感染,20191122,47
急性上呼吸道感染,20191123,57
急性上呼吸道感染,20191124,52
急性上呼吸道感染,20191125,59
急性上呼吸道感染,20191126,67
急性上呼吸道感染,20191127,33
急性上呼吸道感染,20191128,53
急性上呼吸道感染,20191129,33
急性上呼吸道感染,20191130,34
急性喉炎,20190201,19
急性喉炎,20190202,14
急性喉炎,20190203,19
急性喉炎,20190204,12
急性喉炎,20190205,13
急性喉炎,20190206,13
急性喉炎,20190207,13
急性喉炎,20190208,12
急性喉炎,20190209,20
急性喉炎,20190210,17
急性喉炎,20190211,10
急性喉炎,20190212,10
急性喉炎,20190213,16
急性喉炎,20190214,6
急性喉炎,20190215,5
急性喉炎,20190216,6
急性喉炎,20190217,4
急性喉炎,20190218,5
急性喉炎,20190219,3
急性喉炎,20190220,2
急性喉炎,20190221,9
急性喉炎,20190222,7
急性喉炎,20190223,10
急性喉炎,20190224,7
急性喉炎,20190225,9
急性喉炎,20190226,7
急性喉炎,20190227,10
急性喉炎,20190228,13
急性喉炎,20190501,29
急性喉炎,20190502,27
急性喉炎,20190503,17
急性喉炎,20190504,18
急性喉炎,20190505,26
急性喉炎,20190506,28
急性喉炎,20190507,17
急性喉炎,20190508,33
急性喉炎,20190509,33
急性喉炎,20190510,28
急性喉炎,20190511,26
急性喉炎,20190512,35
急性喉炎,20190513,33
急性喉炎,20190514,28
急性喉炎,20190515,29
急性喉炎,20190516,22
急性喉炎,20190517,25
急性喉炎,20190518,22
急性喉炎,20190519,25
急性喉炎,20190520,22
急性喉炎,20190521,25
急性喉炎,20190522,35
急性喉炎,20190523,32
急性喉炎,20190524,19
急性喉炎,20190525,20
急性喉炎,20190526,26
急性喉炎,20190527,22
急性喉炎,20190528,23
急性喉炎,20190529,18
急性喉炎,20190530,24
急性喉炎,20190531,20
急性喉炎,20190801,40
急性喉炎,20190802,21
急性喉炎,20190803,26
急性喉炎,20190804,25
急性喉炎,20190805,24
急性喉炎,20190806,30
急性喉炎,20190807,32
急性喉炎,20190808,37
急性喉炎,20190809,38
急性喉炎,20190810,35
急性喉炎,20190811,36
急性喉炎,20190812,34
急性喉炎,20190813,27
急性喉炎,20190814,27
急性喉炎,20190815,33
急性喉炎,20190816,16
急性喉炎,20190817,17
急性喉炎,20190818,14
急性喉炎,20190819,12
急性喉炎,20190820,22
急性喉炎,20190821,18
急性喉炎,20190822,15
急性喉炎,20190823,24
急性喉炎,20190824,18
急性喉炎,20190825,19
急性喉炎,20190826,18
急性喉炎,20190827,18
急性喉炎,20190828,13
急性喉炎,20190829,22
急性喉炎,20190830,25
急性喉炎,20190831,20
急性喉炎,20191101,16
急性喉炎,20191102,7
急性喉炎,20191103,16
急性喉炎,20191104,24
急性喉炎,20191105,18
急性喉炎,20191106,19
急性喉炎,20191107,25
急性喉炎,20191108,24
急性喉炎,20191109,20
急性喉炎,20191110,20
急性喉炎,20191111,18
急性喉炎,20191112,17
急性喉炎,20191113,15
急性喉炎,20191114,7
急性喉炎,20191115,17
急性喉炎,20191116,19
急性喉炎,20191117,13
急性喉炎,20191118,15
急性喉炎,20191119,12
急性喉炎,20191120,15
急性喉炎,20191121,22
急性喉炎,20191122,20
急性喉炎,20191123,15
急性喉炎,20191124,28
急性喉炎,20191125,19
急性喉炎,20191126,22
急性喉炎,20191127,21
急性喉炎,20191128,23
急性喉炎,20191129,25
急性喉炎,20191130,18
急性扁桃体炎,20190201,4
急性扁桃体炎,20190202,9
急性扁桃体炎,20190203,10
急性扁桃体炎,20190204,13
急性扁桃体炎,20190205,16
急性扁桃体炎,20190206,10
急性扁桃体炎,20190207,10
急性扁桃体炎,20190208,15
急性扁桃体炎,20190209,11
急性扁桃体炎,20190210,12
急性扁桃体炎,20190211,7
急性扁桃体炎,20190212,10
急性扁桃体炎,20190213,6
急性扁桃体炎,20190214,6
急性扁桃体炎,20190215,8
急性扁桃体炎,20190216,7
急性扁桃体炎,20190217,12
急性扁桃体炎,20190218,13
急性扁桃体炎,20190219,7
急性扁桃体炎,20190220,10
急性扁桃体炎,20190221,6
急性扁桃体炎,20190222,7
急性扁桃体炎,20190223,7
急性扁桃体炎,20190224,14
急性扁桃体炎,20190225,9
急性扁桃体炎,20190226,7
急性扁桃体炎,20190227,2
急性扁桃体炎,20190228,4
急性扁桃体炎,20190501,8
急性扁桃体炎,20190502,10
急性扁桃体炎,20190503,8
急性扁桃体炎,20190504,16
急性扁桃体炎,20190505,9
急性扁桃体炎,20190506,10
急性扁桃体炎,20190507,13
急性扁桃体炎,20190508,6
急性扁桃体炎,20190509,9
急性扁桃体炎,20190510,9
急性扁桃体炎,20190511,7
急性扁桃体炎,20190512,4
急性扁桃体炎,20190513,6
急性扁桃体炎,20190514,4
急性扁桃体炎,20190515,9
急性扁桃体炎,20190516,7
急性扁桃体炎,20190517,9
急性扁桃体炎,20190518,12
急性扁桃体炎,20190519,6
急性扁桃体炎,20190520,7
急性扁桃体炎,20190521,9
急性扁桃体炎,20190522,7
急性扁桃体炎,20190523,12
急性扁桃体炎,20190524,12
急性扁桃体炎,20190525,9
急性扁桃体炎,20190526,16
急性扁桃体炎,20190527,11
急性扁桃体炎,20190528,7
急性扁桃体炎,20190529,12
急性扁桃体炎,20190530,11
急性扁桃体炎,20190531,8
急性扁桃体炎,20190801,17
急性扁桃体炎,20190802,11
急性扁桃体炎,20190803,12
急性扁桃体炎,20190804,8
急性扁桃体炎,20190805,3
急性扁桃体炎,20190806,9
急性扁桃体炎,20190807,5
急性扁桃体炎,20190808,6
急性扁桃体炎,20190809,5
急性扁桃体炎,20190810,7
急性扁桃体炎,20190811,8
急性扁桃体炎,20190812,4
急性扁桃体炎,20190813,5
急性扁桃体炎,20190814,12
急性扁桃体炎,20190815,11
急性扁桃体炎,20190816,9
急性扁桃体炎,20190817,4
急性扁桃体炎,20190818,14
急性扁桃体炎,20190819,8
急性扁桃体炎,20190820,10
急性扁桃体炎,20190821,9
急性扁桃体炎,20190822,2
急性扁桃体炎,20190823,11
急性扁桃体炎,20190824,14
急性扁桃体炎,20190825,17
急性扁桃体炎,20190826,16
急性扁桃体炎,20190827,14
急性扁桃体炎,20190828,15
急性扁桃体炎,20190829,6
急性扁桃体炎,20190830,12
急性扁桃体炎,20190831,9
急性扁桃体炎,20191101,15
急性扁桃体炎,20191102,8
急性扁桃体炎,20191103,11
急性扁桃体炎,20191104,20
急性扁桃体炎,20191105,14
急性扁桃体炎,20191106,13
急性扁桃体炎,20191107,8
急性扁桃体炎,20191108,5
急性扁桃体炎,20191109,5
急性扁桃体炎,20191110,4
急性扁桃体炎,20191111,12
急性扁桃体炎,20191112,11
急性扁桃体炎,20191113,5
急性扁桃体炎,20191114,9
急性扁桃体炎,20191115,14
急性扁桃体炎,20191116,15
急性扁桃体炎,20191117,18
急性扁桃体炎,20191118,19
急性扁桃体炎,20191119,17
急性扁桃体炎,20191120,17
急性扁桃体炎,20191121,11
急性扁桃体炎,20191122,18
急性扁桃体炎,20191123,12
急性扁桃体炎,20191124,6
急性扁桃体炎,20191125,7
急性扁桃体炎,20191126,10
急性扁桃体炎,20191127,10
急性扁桃体炎,20191128,12
急性扁桃体炎,20191129,11
急性扁桃体炎,20191130,13
手足口病,20190204,1
手足口病,20190210,1
手足口病,20190216,1
手足口病,20190218,1
手足口病,20190219,1
手足口病,20190226,1
手足口病,20190501,12
手足口病,20190502,1
手足口病,20190503,2
手足口病,20190504,7
手足口病,20190505,14
手足口病,20190506,14
手足口病,20190507,5
手足口病,20190508,10
手足口病,20190509,4
手足口病,20190510,3
手足口病,20190511,11
手足口病,20190512,14
手足口病,20190513,16
手足口病,20190514,10
手足口病,20190515,21
手足口病,20190516,10
手足口病,20190517,14
手足口病,20190518,20
手足口病,20190519,34
手足口病,20190520,15
手足口病,20190521,20
手足口病,20190522,18
手足口病,20190523,15
手足口病,20190524,9
手足口病,20190525,29
手足口病,20190526,32
手足口病,20190527,23
手足口病,20190528,20
手足口病,20190529,27
手足口病,20190530,21
手足口病,20190531,20
手足口病,20190801,53
手足口病,20190802,47
手足口病,20190803,68
手足口病,20190804,50
手足口病,20190805,56
手足口病,20190806,55
手足口病,20190807,67
手足口病,20190808,48
手足口病,20190809,63
手足口病,20190810,76
手足口病,20190811,58
手足口病,20190812,65
手足口病,20190813,55
手足口病,20190814,68
手足口病,20190815,71
手足口病,20190816,45
手足口病,20190817,48
手足口病,20190818,53
手足口病,20190819,70
手足口病,20190820,49
手足口病,20190821,52
手足口病,20190822,47
手足口病,20190823,65
手足口病,20190824,70
手足口病,20190825,56
手足口病,20190826,46
手足口病,20190827,48
手足口病,20190828,27
手足口病,20190829,32
手足口病,20190830,34
手足口病,20190831,43
手足口病,20191101,5
手足口病,20191102,7
手足口病,20191103,7
手足口病,20191104,8
手足口病,20191105,4
手足口病,20191106,2
手足口病,20191107,2
手足口病,20191108,3
手足口病,20191109,10
手足口病,20191110,10
手足口病,20191111,21
手足口病,20191112,14
手足口病,20191113,13
手足口病,20191114,4
手足口病,20191115,9
手足口病,20191116,12
手足口病,20191117,15
手足口病,20191118,13
手足口病,20191119,4
手足口病,20191120,7
手足口病,20191121,2
手足口病,20191122,6
手足口病,20191123,6
手足口病,20191124,10
手足口病,20191125,5
手足口病,20191126,13
手足口病,20191127,10
手足口病,20191128,7
手足口病,20191129,5
手足口病,20191130,7
支气管炎,20190201,241
支气管炎,20190202,268
支气管炎,20190203,271
支气管炎,20190204,158
支气管炎,20190205,195
支气管炎,20190206,213
支气管炎,20190207,240
支气管炎,20190208,250
支气管炎,20190209,252
支气管炎,20190210,212
支气管炎,20190211,221
支气管炎,20190212,217
支气管炎,20190213,207
支气管炎,20190214,181
支气管炎,20190215,225
支气管炎,20190216,223
支气管炎,20190217,226
支气管炎,20190218,208
支气管炎,20190219,194
支气管炎,20190220,157
支气管炎,20190221,175
支气管炎,20190222,164
支气管炎,20190223,171
支气管炎,20190224,159
支气管炎,20190225,177
支气管炎,20190226,173
支气管炎,20190227,161
支气管炎,20190228,167
支气管炎,20190501,180
支气管炎,20190502,186
支气管炎,20190503,203
支气管炎,20190504,199
支气管炎,20190505,191
支气管炎,20190506,203
支气管炎,20190507,237
支气管炎,20190508,209
支气管炎,20190509,187
支气管炎,20190510,152
支气管炎,20190511,217
支气管炎,20190512,182
支气管炎,20190513,203
支气管炎,20190514,206
支气管炎,20190515,188
支气管炎,20190516,184
支气管炎,20190517,183
支气管炎,20190518,191
支气管炎,20190519,152
支气管炎,20190520,177
支气管炎,20190521,198
支气管炎,20190522,166
支气管炎,20190523,188
支气管炎,20190524,171
支气管炎,20190525,177
支气管炎,20190526,142
支气管炎,20190527,210
支气管炎,20190528,212
支气管炎,20190529,188
支气管炎,20190530,186
支气管炎,20190531,186
支气管炎,20190801,213
支气管炎,20190802,232
支气管炎,20190803,231
支气管炎,20190804,200
支气管炎,20190805,213
支气管炎,20190806,211
支气管炎,20190807,189
支气管炎,20190808,206
支气管炎,20190809,163
支气管炎,20190810,184
支气管炎,20190811,128
支气管炎,20190812,147
支气管炎,20190813,188
支气管炎,20190814,189
支气管炎,20190815,162
支气管炎,20190816,161
支气管炎,20190817,163
支气管炎,20190818,174
支气管炎,20190819,214
支气管炎,20190820,197
支气管炎,20190821,171
支气管炎,20190822,191
支气管炎,20190823,185
支气管炎,20190824,196
支气管炎,20190825,197
支气管炎,20190826,209
支气管炎,20190827,213
支气管炎,20190828,199
支气管炎,20190829,191
支气管炎,20190830,208
支气管炎,20190831,178
支气管炎,20191101,292
支气管炎,20191102,313
支气管炎,20191103,261
支气管炎,20191104,289
支气管炎,20191105,356
支气管炎,20191106,286
支气管炎,20191107,294
支气管炎,20191108,308
支气管炎,20191109,353
支气管炎,20191110,329
支气管炎,20191111,331
支气管炎,20191112,368
支气管炎,20191113,337
支气管炎,20191114,309
支气管炎,20191115,333
支气管炎,20191116,369
支气管炎,20191117,344
支气管炎,20191118,353
支气管炎,20191119,392
支气管炎,20191120,366
支气管炎,20191121,341
支气管炎,20191122,331
支气管炎,20191123,390
支气管炎,20191124,352
支气管炎,20191125,385
支气管炎,20191126,372
支气管炎,20191127,344
支气管炎,20191128,397
支气管炎,20191129,417
支气管炎,20191130,398
消化不良,20190201,12
消化不良,20190202,12
消化不良,20190203,7
消化不良,20190204,8
消化不良,20190205,9
消化不良,20190206,11
消化不良,20190207,6
消化不良,20190208,13
消化不良,20190209,9
消化不良,20190210,19
消化不良,20190211,12
消化不良,20190212,16
消化不良,20190213,10
消化不良,20190214,13
消化不良,20190215,23
消化不良,20190216,6
消化不良,20190217,18
消化不良,20190218,13
消化不良,20190219,16
消化不良,20190220,12
消化不良,20190221,5
消化不良,20190222,19
消化不良,20190223,14
消化不良,20190224,16
消化不良,20190225,18
消化不良,20190226,17
消化不良,20190227,9
消化不良,20190228,16
消化不良,20190501,9
消化不良,20190502,16
消化不良,20190503,14
消化不良,20190504,14
消化不良,20190505,17
消化不良,20190506,16
消化不良,20190507,9
消化不良,20190508,22
消化不良,20190509,9
消化不良,20190510,14
消化不良,20190511,22
消化不良,20190512,15
消化不良,20190513,17
消化不良,20190514,15
消化不良,20190515,17
消化不良,20190516,12
消化不良,20190517,17
消化不良,20190518,22
消化不良,20190519,15
消化不良,20190520,21
消化不良,20190521,26
消化不良,20190522,28
消化不良,20190523,17
消化不良,20190524,8
消化不良,20190525,24
消化不良,20190526,40
消化不良,20190527,16
消化不良,20190528,49
消化不良,20190529,21
消化不良,20190530,24
消化不良,20190531,30
消化不良,20190801,37
消化不良,20190802,28
消化不良,20190803,49
消化不良,20190804,41
消化不良,20190805,24
消化不良,20190806,35
消化不良,20190807,49
消化不良,20190808,38
消化不良,20190809,31
消化不良,20190810,40
消化不良,20190811,26
消化不良,20190812,26
消化不良,20190813,37
消化不良,20190814,52
消化不良,20190815,35
消化不良,20190816,28
消化不良,20190817,57
消化不良,20190818,32
消化不良,20190819,31
消化不良,20190820,36
消化不良,20190821,57
消化不良,20190822,34
消化不良,20190823,41
消化不良,20190824,31
消化不良,20190825,31
消化不良,20190826,24
消化不良,20190827,29
消化不良,20190828,49
消化不良,20190829,39
消化不良,20190830,48
消化不良,20190831,41
消化不良,20191101,23
消化不良,20191102,18
消化不良,20191103,11
消化不良,20191104,22
消化不良,20191105,38
消化不良,20191106,21
消化不良,20191107,11
消化不良,20191108,39
消化不良,20191109,18
消化不良,20191110,14
消化不良,20191111,22
消化不良,20191112,26
消化不良,20191113,17
消化不良,20191114,15
消化不良,20191115,30
消化不良,20191116,11
消化不良,20191117,14
消化不良,20191118,26
消化不良,20191119,19
消化不良,20191120,27
消化不良,20191121,21
消化不良,20191122,24
消化不良,20191123,10
消化不良,20191124,19
消化不良,20191125,30
消化不良,20191126,22
消化不良,20191127,18
消化不良,20191128,15
消化不良,20191129,40
消化不良,20191130,21
湿疹,20190201,55
湿疹,20190202,47
湿疹,20190203,34
湿疹,20190204,25
湿疹,20190205,9
湿疹,20190206,20
湿疹,20190207,29
湿疹,20190208,58
湿疹,20190209,50
湿疹,20190210,74
湿疹,20190211,74
湿疹,20190212,102
湿疹,20190213,52
湿疹,20190214,29
湿疹,20190215,58
湿疹,20190216,78
湿疹,20190217,70
湿疹,20190218,83
湿疹,20190219,59
湿疹,20190220,58
湿疹,20190221,52
湿疹,20190222,68
湿疹,20190223,73
湿疹,20190224,56
湿疹,20190225,84
湿疹,20190226,72
湿疹,20190227,63
湿疹,20190228,43
湿疹,20190501,79
湿疹,20190502,58
湿疹,20190503,38
湿疹,20190504,71
湿疹,20190505,72
湿疹,20190506,80
湿疹,20190507,49
湿疹,20190508,48
湿疹,20190509,51
湿疹,20190510,45
湿疹,20190511,70
湿疹,20190512,64
湿疹,20190513,42
湿疹,20190514,41
湿疹,20190515,44
湿疹,20190516,35
湿疹,20190517,34
湿疹,20190518,36
湿疹,20190519,45
湿疹,20190520,57
湿疹,20190521,71
湿疹,20190522,68
湿疹,20190523,70
湿疹,20190524,52
湿疹,20190525,53
湿疹,20190526,51
湿疹,20190527,59
湿疹,20190528,36
湿疹,20190529,47
湿疹,20190530,36
湿疹,20190531,55
湿疹,20190801,37
湿疹,20190802,26
湿疹,20190803,24
湿疹,20190804,21
湿疹,20190805,35
湿疹,20190806,32
湿疹,20190807,21
湿疹,20190808,27
湿疹,20190809,38
湿疹,20190810,27
湿疹,20190811,12
湿疹,20190812,20
湿疹,20190813,20
湿疹,20190814,24
湿疹,20190815,26
湿疹,20190816,32
湿疹,20190817,34
湿疹,20190818,44
湿疹,20190819,24
湿疹,20190820,39
湿疹,20190821,45
湿疹,20190822,30
湿疹,20190823,42
湿疹,20190824,38
湿疹,20190825,31
湿疹,20190826,36
湿疹,20190827,29
湿疹,20190828,36
湿疹,20190829,33
湿疹,20190830,42
湿疹,20190831,38
湿疹,20191101,62
湿疹,20191102,48
湿疹,20191103,37
湿疹,20191104,58
湿疹,20191105,56
湿疹,20191106,58
湿疹,20191107,56
湿疹,20191108,46
湿疹,20191109,38
湿疹,20191110,56
湿疹,20191111,60
湿疹,20191112,59
湿疹,20191113,60
湿疹,20191114,48
湿疹,20191115,53
湿疹,20191116,60
湿疹,20191117,50
湿疹,20191118,59
湿疹,20191119,71
湿疹,20191120,53
湿疹,20191121,52
湿疹,20191122,50
湿疹,20191123,59
湿疹,20191124,43
湿疹,20191125,71
湿疹,20191126,49
湿疹,20191127,50
湿疹,20191128,41
湿疹,20191129,66
湿疹,20191130,71
猩红热样红斑,20190201,15
猩红热样红斑,20190202,15
猩红热样红斑,20190203,12
猩红热样红斑,20190204,8
猩红热样红斑,20190205,7
猩红热样红斑,20190206,4
猩红热样红斑,20190207,5
猩红热样红斑,20190208,8
猩红热样红斑,20190209,9
猩红热样红斑,20190210,9
猩红热样红斑,20190211,5
猩红热样红斑,20190212,12
猩红热样红斑,20190213,7
猩红热样红斑,20190214,7
猩红热样红斑,20190215,9
猩红热样红斑,20190216,10
猩红热样红斑,20190217,6
猩红热样红斑,20190218,6
猩红热样红斑,20190219,6
猩红热样红斑,20190220,4
猩红热样红斑,20190221,2
猩红热样红斑,20190222,7
猩红热样红斑,20190223,21
猩红热样红斑,20190224,10
猩红热样红斑,20190225,16
猩红热样红斑,20190226,13
猩红热样红斑,20190227,11
猩红热样红斑,20190228,10
猩红热样红斑,20190501,8
猩红热样红斑,20190502,13
猩红热样红斑,20190503,14
猩红热样红斑,20190504,19
猩红热样红斑,20190505,18
猩红热样红斑,20190506,19
猩红热样红斑,20190507,17
猩红热样红斑,20190508,17
猩红热样红斑,20190509,18
猩红热样红斑,20190510,17
猩红热样红斑,20190511,20
猩红热样红斑,20190512,20
猩红热样红斑,20190513,20
猩红热样红斑,20190514,22
猩红热样红斑,20190515,23
猩红热样红斑,20190516,20
猩红热样红斑,20190517,26
猩红热样红斑,20190518,28
猩红热样红斑,20190519,36
猩红热样红斑,20190520,35
猩红热样红斑,20190521,29
猩红热样红斑,20190522,28
猩红热样红斑,20190523,36
猩红热样红斑,20190524,38
猩红热样红斑,20190525,45
猩红热样红斑,20190526,45
猩红热样红斑,20190527,33
猩红热样红斑,20190528,40
猩红热样红斑,20190529,31
猩红热样红斑,20190530,27
猩红热样红斑,20190531,22
猩红热样红斑,20190801,13
猩红热样红斑,20190802,14
猩红热样红斑,20190803,11
猩红热样红斑,20190804,8
猩红热样红斑,20190805,9
猩红热样红斑,20190806,11
猩红热样红斑,20190807,11
猩红热样红斑,20190808,8
猩红热样红斑,20190809,8
猩红热样红斑,20190810,8
猩红热样红斑,20190811,5
猩红热样红斑,20190812,5
猩红热样红斑,20190813,4
猩红热样红斑,20190814,3
猩红热样红斑,20190815,2
猩红热样红斑,20190816,4
猩红热样红斑,20190817,4
猩红热样红斑,20190818,5
猩红热样红斑,20190819,3
猩红热样红斑,20190820,3
猩红热样红斑,20190821,6
猩红热样红斑,20190822,4
猩红热样红斑,20190823,4
猩红热样红斑,20190824,4
猩红热样红斑,20190825,5
猩红热样红斑,20190826,5
猩红热样红斑,20190827,4
猩红热样红斑,20190828,5
猩红热样红斑,20190829,4
猩红热样红斑,20190830,6
猩红热样红斑,20190831,8
猩红热样红斑,20191101,11
猩红热样红斑,20191102,20
猩红热样红斑,20191103,18
猩红热样红斑,20191104,21
猩红热样红斑,20191105,13
猩红热样红斑,20191106,17
猩红热样红斑,20191107,13
猩红热样红斑,20191108,13
猩红热样红斑,20191109,20
猩红热样红斑,20191110,18
猩红热样红斑,20191111,17
猩红热样红斑,20191112,13
猩红热样红斑,20191113,13
猩红热样红斑,20191114,11
猩红热样红斑,20191115,14
猩红热样红斑,20191116,14
猩红热样红斑,20191117,15
猩红热样红斑,20191118,16
猩红热样红斑,20191119,17
猩红热样红斑,20191120,25
猩红热样红斑,20191121,15
猩红热样红斑,20191122,16
猩红热样红斑,20191123,17
猩红热样红斑,20191124,17
猩红热样红斑,20191125,20
猩红热样红斑,20191126,12
猩红热样红斑,20191127,21
猩红热样红斑,20191128,17
猩红热样红斑,20191129,17
猩红热样红斑,20191130,22
疱疹性咽峡炎,20190201,10
疱疹性咽峡炎,20190202,13
疱疹性咽峡炎,20190203,12
疱疹性咽峡炎,20190204,7
疱疹性咽峡炎,20190205,10
疱疹性咽峡炎,20190206,7
疱疹性咽峡炎,20190207,8
疱疹性咽峡炎,20190208,5
疱疹性咽峡炎,20190209,7
疱疹性咽峡炎,20190210,12
疱疹性咽峡炎,20190211,10
疱疹性咽峡炎,20190212,4
疱疹性咽峡炎,20190213,5
疱疹性咽峡炎,20190214,9
疱疹性咽峡炎,20190215,9
疱疹性咽峡炎,20190216,5
疱疹性咽峡炎,20190217,6
疱疹性咽峡炎,20190218,11
疱疹性咽峡炎,20190219,7
疱疹性咽峡炎,20190220,11
疱疹性咽峡炎,20190221,12
疱疹性咽峡炎,20190222,9
疱疹性咽峡炎,20190223,7
疱疹性咽峡炎,20190224,10
疱疹性咽峡炎,20190225,9
疱疹性咽峡炎,20190226,7
疱疹性咽峡炎,20190227,5
疱疹性咽峡炎,20190228,12
疱疹性咽峡炎,20190501,37
疱疹性咽峡炎,20190502,41
疱疹性咽峡炎,20190503,44
疱疹性咽峡炎,20190504,40
疱疹性咽峡炎,20190505,56
疱疹性咽峡炎,20190506,38
疱疹性咽峡炎,20190507,42
疱疹性咽峡炎,20190508,44
疱疹性咽峡炎,20190509,48
疱疹性咽峡炎,20190510,53
疱疹性咽峡炎,20190511,46
疱疹性咽峡炎,20190512,33
疱疹性咽峡炎,20190513,35
疱疹性咽峡炎,20190514,48
疱疹性咽峡炎,20190515,48
疱疹性咽峡炎,20190516,60
疱疹性咽峡炎,20190517,54
疱疹性咽峡炎,20190518,44
疱疹性咽峡炎,20190519,44
疱疹性咽峡炎,20190520,69
疱疹性咽峡炎,20190521,84
疱疹性咽峡炎,20190522,85
疱疹性咽峡炎,20190523,86
疱疹性咽峡炎,20190524,57
疱疹性咽峡炎,20190525,64
疱疹性咽峡炎,20190526,50
疱疹性咽峡炎,20190527,71
疱疹性咽峡炎,20190528,52
疱疹性咽峡炎,20190529,48
疱疹性咽峡炎,20190530,64
疱疹性咽峡炎,20190531,42
疱疹性咽峡炎,20190801,137
疱疹性咽峡炎,20190802,154
疱疹性咽峡炎,20190803,153
疱疹性咽峡炎,20190804,159
疱疹性咽峡炎,20190805,165
疱疹性咽峡炎,20190806,173
疱疹性咽峡炎,20190807,153
疱疹性咽峡炎,20190808,133
疱疹性咽峡炎,20190809,147
疱疹性咽峡炎,20190810,161
疱疹性咽峡炎,20190811,140
疱疹性咽峡炎,20190812,139
疱疹性咽峡炎,20190813,129
疱疹性咽峡炎,20190814,150
疱疹性咽峡炎,20190815,125
疱疹性咽峡炎,20190816,116
疱疹性咽峡炎,20190817,112
疱疹性咽峡炎,20190818,135
疱疹性咽峡炎,20190819,135
疱疹性咽峡炎,20190820,122
疱疹性咽峡炎,20190821,120
疱疹性咽峡炎,20190822,103
疱疹性咽峡炎,20190823,93
疱疹性咽峡炎,20190824,85
疱疹性咽峡炎,20190825,83
疱疹性咽峡炎,20190826,105
疱疹性咽峡炎,20190827,77
疱疹性咽峡炎,20190828,88
疱疹性咽峡炎,20190829,87
疱疹性咽峡炎,20190830,81
疱疹性咽峡炎,20190831,93
疱疹性咽峡炎,20191101,45
疱疹性咽峡炎,20191102,27
疱疹性咽峡炎,20191103,28
疱疹性咽峡炎,20191104,33
疱疹性咽峡炎,20191105,46
疱疹性咽峡炎,20191106,28
疱疹性咽峡炎,20191107,23
疱疹性咽峡炎,20191108,20
疱疹性咽峡炎,20191109,29
疱疹性咽峡炎,20191110,33
疱疹性咽峡炎,20191111,40
疱疹性咽峡炎,20191112,41
疱疹性咽峡炎,20191113,35
疱疹性咽峡炎,20191114,32
疱疹性咽峡炎,20191115,35
疱疹性咽峡炎,20191116,36
疱疹性咽峡炎,20191117,41
疱疹性咽峡炎,20191118,41
疱疹性咽峡炎,20191119,43
疱疹性咽峡炎,20191120,39
疱疹性咽峡炎,20191121,45
疱疹性咽峡炎,20191122,26
疱疹性咽峡炎,20191123,31
疱疹性咽峡炎,20191124,25
疱疹性咽峡炎,20191125,31
疱疹性咽峡炎,20191126,33
疱疹性咽峡炎,20191127,30
疱疹性咽峡炎,20191128,30
疱疹性咽峡炎,20191129,19
疱疹性咽峡炎,20191130,22
皮炎,20190201,16
皮炎,20190202,9
皮炎,20190203,17
皮炎,20190204,4
皮炎,20190205,7
皮炎,20190206,18
皮炎,20190207,23
皮炎,20190208,19
皮炎,20190209,9
皮炎,20190210,15
皮炎,20190211,20
皮炎,20190212,32
皮炎,20190213,14
皮炎,20190214,22
皮炎,20190215,26
皮炎,20190216,14
皮炎,20190217,25
皮炎,20190218,13
皮炎,20190219,16
皮炎,20190220,8
皮炎,20190221,21
皮炎,20190222,16
皮炎,20190223,16
皮炎,20190224,12
皮炎,20190225,18
皮炎,20190226,34
皮炎,20190227,17
皮炎,20190228,23
皮炎,20190501,5
皮炎,20190502,12
皮炎,20190503,13
皮炎,20190504,19
皮炎,20190505,16
皮炎,20190506,13
皮炎,20190507,13
皮炎,20190508,10
皮炎,20190509,14
皮炎,20190510,10
皮炎,20190511,12
皮炎,20190512,20
皮炎,20190513,22
皮炎,20190514,22
皮炎,20190515,13
皮炎,20190516,18
皮炎,20190517,17
皮炎,20190518,10
皮炎,20190519,12
皮炎,20190520,25
皮炎,20190521,33
皮炎,20190522,14
皮炎,20190523,15
皮炎,20190524,26
皮炎,20190525,10
皮炎,20190526,28
皮炎,20190527,30
皮炎,20190528,27
皮炎,20190529,33
皮炎,20190530,18
皮炎,20190531,25
皮炎,20190801,27
皮炎,20190802,16
皮炎,20190803,38
皮炎,20190804,21
皮炎,20190805,36
皮炎,20190806,26
皮炎,20190807,15
皮炎,20190808,24
皮炎,20190809,17
皮炎,20190810,23
皮炎,20190811,15
皮炎,20190812,16
皮炎,20190813,18
皮炎,20190814,17
皮炎,20190815,13
皮炎,20190816,15
皮炎,20190817,8
皮炎,20190818,10
皮炎,20190819,25
皮炎,20190820,18
皮炎,20190821,29
皮炎,20190822,9
皮炎,20190823,11
皮炎,20190824,16
皮炎,20190825,14
皮炎,20190826,13
皮炎,20190827,19
皮炎,20190828,19
皮炎,20190829,20
皮炎,20190830,17
皮炎,20190831,28
皮炎,20191101,16
皮炎,20191102,4
皮炎,20191103,10
皮炎,20191104,8
皮炎,20191105,16
皮炎,20191106,8
皮炎,20191107,7
皮炎,20191108,4
皮炎,20191109,7
皮炎,20191110,10
皮炎,20191111,8
皮炎,20191112,11
皮炎,20191113,4
皮炎,20191114,12
皮炎,20191115,5
皮炎,20191116,12
皮炎,20191117,10
皮炎,20191118,15
皮炎,20191119,12
皮炎,20191120,9
皮炎,20191121,12
皮炎,20191122,8
皮炎,20191123,8
皮炎,20191124,6
皮炎,20191125,5
皮炎,20191126,9
皮炎,20191127,10
皮炎,20191128,9
皮炎,20191129,6
皮炎,20191130,13
皮疹,20190201,13
皮疹,20190202,16
皮疹,20190203,12
皮疹,20190204,11
皮疹,20190205,6
皮疹,20190206,11
皮疹,20190207,8
皮疹,20190208,11
皮疹,20190209,12
皮疹,20190210,10
皮疹,20190211,9
皮疹,20190212,7
皮疹,20190213,11
皮疹,20190214,10
皮疹,20190215,6
皮疹,20190216,11
皮疹,20190217,12
皮疹,20190218,8
皮疹,20190219,4
皮疹,20190220,8
皮疹,20190221,5
皮疹,20190222,8
皮疹,20190223,16
皮疹,20190224,8
皮疹,20190225,7
皮疹,20190226,8
皮疹,20190227,9
皮疹,20190228,10
皮疹,20190501,16
皮疹,20190502,16
皮疹,20190503,30
皮疹,20190504,27
皮疹,20190505,33
皮疹,20190506,33
皮疹,20190507,39
皮疹,20190508,30
皮疹,20190509,50
皮疹,20190510,42
皮疹,20190511,33
皮疹,20190512,43
皮疹,20190513,43
皮疹,20190514,44
皮疹,20190515,46
皮疹,20190516,53
皮疹,20190517,46
皮疹,20190518,35
皮疹,20190519,47
皮疹,20190520,47
皮疹,20190521,38
皮疹,20190522,31
皮疹,20190523,28
皮疹,20190524,44
皮疹,20190525,50
皮疹,20190526,63
皮疹,20190527,45
皮疹,20190528,48
皮疹,20190529,52
皮疹,20190530,50
皮疹,20190531,43
皮疹,20190801,44
皮疹,20190802,53
皮疹,20190803,33
皮疹,20190804,53
皮疹,20190805,55
皮疹,20190806,53
皮疹,20190807,39
皮疹,20190808,52
皮疹,20190809,50
皮疹,20190810,35
皮疹,20190811,22
皮疹,20190812,25
皮疹,20190813,46
皮疹,20190814,64
皮疹,20190815,39
皮疹,20190816,39
皮疹,20190817,36
皮疹,20190818,41
皮疹,20190819,35
皮疹,20190820,45
皮疹,20190821,45
皮疹,20190822,45
皮疹,20190823,27
皮疹,20190824,29
皮疹,20190825,37
皮疹,20190826,32
皮疹,20190827,35
皮疹,20190828,53
皮疹,20190829,50
皮疹,20190830,47
皮疹,20190831,44
皮疹,20191101,32
皮疹,20191102,48
皮疹,20191103,36
皮疹,20191104,41
皮疹,20191105,53
皮疹,20191106,39
皮疹,20191107,43
皮疹,20191108,38
皮疹,20191109,25
皮疹,20191110,29
皮疹,20191111,40
皮疹,20191112,39
皮疹,20191113,37
皮疹,20191114,46
皮疹,20191115,35
皮疹,20191116,33
皮疹,20191117,42
皮疹,20191118,30
皮疹,20191119,29
皮疹,20191120,42
皮疹,20191121,44
皮疹,20191122,37
皮疹,20191123,30
皮疹,20191124,38
皮疹,20191125,33
皮疹,20191126,28
皮疹,20191127,21
皮疹,20191128,23
皮疹,20191129,14
皮疹,20191130,27
结膜炎,20190201,25
结膜炎,20190202,16
结膜炎,20190203,20
结膜炎,20190204,12
结膜炎,20190205,17
结膜炎,20190206,14
结膜炎,20190207,17
结膜炎,20190208,17
结膜炎,20190209,19
结膜炎,20190210,25
结膜炎,20190211,28
结膜炎,20190212,21
结膜炎,20190213,11
结膜炎,20190214,22
结膜炎,20190215,12
结膜炎,20190216,22
结膜炎,20190217,29
结膜炎,20190218,22
结膜炎,20190219,18
结膜炎,20190220,21
结膜炎,20190221,16
结膜炎,20190222,16
结膜炎,20190223,23
结膜炎,20190224,24
结膜炎,20190225,32
结膜炎,20190226,26
结膜炎,20190227,14
结膜炎,20190228,25
结膜炎,20190501,16
结膜炎,20190502,24
结膜炎,20190503,20
结膜炎,20190504,24
结膜炎,20190505,22
结膜炎,20190506,27
结膜炎,20190507,40
结膜炎,20190508,34
结膜炎,20190509,34
结膜炎,20190510,24
结膜炎,20190511,29
结膜炎,20190512,31
结膜炎,20190513,28
结膜炎,20190514,39
结膜炎,20190515,35
结膜炎,20190516,26
结膜炎,20190517,24
结膜炎,20190518,38
结膜炎,20190519,23
结膜炎,20190520,24
结膜炎,20190521,29
结膜炎,20190522,31
结膜炎,20190523,22
结膜炎,20190524,39
结膜炎,20190525,46
结膜炎,20190526,37
结膜炎,20190527,36
结膜炎,20190528,37
结膜炎,20190529,28
结膜炎,20190530,25
结膜炎,20190531,34
结膜炎,20190801,16
结膜炎,20190802,18
结膜炎,20190803,24
结膜炎,20190804,18
结膜炎,20190805,23
结膜炎,20190806,32
结膜炎,20190807,23
结膜炎,20190808,22
结膜炎,20190809,30
结膜炎,20190810,24
结膜炎,20190811,27
结膜炎,20190812,22
结膜炎,20190813,29
结膜炎,20190814,15
结膜炎,20190815,23
结膜炎,20190816,31
结膜炎,20190817,36
结膜炎,20190818,33
结膜炎,20190819,32
结膜炎,20190820,33
结膜炎,20190821,21
结膜炎,20190822,20
结膜炎,20190823,36
结膜炎,20190824,41
结膜炎,20190825,33
结膜炎,20190826,22
结膜炎,20190827,22
结膜炎,20190828,29
结膜炎,20190829,51
结膜炎,20190830,34
结膜炎,20190831,42
结膜炎,20191101,26
结膜炎,20191102,22
结膜炎,20191103,30
结膜炎,20191104,31
结膜炎,20191105,34
结膜炎,20191106,32
结膜炎,20191107,21
结膜炎,20191108,25
结膜炎,20191109,13
结膜炎,20191110,43
结膜炎,20191111,25
结膜炎,20191112,38
结膜炎,20191113,22
结膜炎,20191114,24
结膜炎,20191115,23
结膜炎,20191116,20
结膜炎,20191117,16
结膜炎,20191118,25
结膜炎,20191119,21
结膜炎,20191120,21
结膜炎,20191121,18
结膜炎,20191122,22
结膜炎,20191123,25
结膜炎,20191124,25
结膜炎,20191125,24
结膜炎,20191126,32
结膜炎,20191127,24
结膜炎,20191128,13
结膜炎,20191129,27
结膜炎,20191130,24
肺炎,20190201,301
肺炎,20190202,283
肺炎,20190203,286
肺炎,20190204,233
肺炎,20190205,192
肺炎,20190206,241
肺炎,20190207,209
肺炎,20190208,271
肺炎,20190209,249
肺炎,20190210,234
肺炎,20190211,261
肺炎,20190212,246
肺炎,20190213,216
肺炎,20190214,183
肺炎,20190215,215
肺炎,20190216,228
肺炎,20190217,205
肺炎,20190218,200
肺炎,20190219,198
肺炎,20190220,177
肺炎,20190221,209
肺炎,20190222,185
肺炎,20190223,196
肺炎,20190224,147
肺炎,20190225,173
肺炎,20190226,169
肺炎,20190227,162
肺炎,20190228,148
肺炎,20190501,76
肺炎,20190502,98
肺炎,20190503,105
肺炎,20190504,115
肺炎,20190505,111
肺炎,20190506,128
肺炎,20190507,118
肺炎,20190508,142
肺炎,20190509,118
肺炎,20190510,105
肺炎,20190511,132
肺炎,20190512,114
肺炎,20190513,118
肺炎,20190514,107
肺炎,20190515,129
肺炎,20190516,113
肺炎,20190517,128
肺炎,20190518,97
肺炎,20190519,112
肺炎,20190520,115
肺炎,20190521,133
肺炎,20190522,112
肺炎,20190523,123
肺炎,20190524,114
肺炎,20190525,107
肺炎,20190526,95
肺炎,20190527,103
肺炎,20190528,106
肺炎,20190529,104
肺炎,20190530,109
肺炎,20190531,107
肺炎,20190801,133
肺炎,20190802,115
肺炎,20190803,118
肺炎,20190804,103
肺炎,20190805,117
肺炎,20190806,126
肺炎,20190807,118
肺炎,20190808,117
肺炎,20190809,123
肺炎,20190810,111
肺炎,20190811,99
肺炎,20190812,137
肺炎,20190813,110
肺炎,20190814,121
肺炎,20190815,95
肺炎,20190816,100
肺炎,20190817,93
肺炎,20190818,93
肺炎,20190819,125
肺炎,20190820,135
肺炎,20190821,119
肺炎,20190822,131
肺炎,20190823,135
肺炎,20190824,111
肺炎,20190825,123
肺炎,20190826,141
肺炎,20190827,117
肺炎,20190828,126
肺炎,20190829,131
肺炎,20190830,135
肺炎,20190831,144
肺炎,20191101,181
肺炎,20191102,186
肺炎,20191103,146
肺炎,20191104,179
肺炎,20191105,187
肺炎,20191106,174
肺炎,20191107,179
肺炎,20191108,178
肺炎,20191109,174
肺炎,20191110,190
肺炎,20191111,188
肺炎,20191112,221
肺炎,20191113,216
肺炎,20191114,250
肺炎,20191115,256
肺炎,20191116,237
肺炎,20191117,256
肺炎,20191118,252
肺炎,20191119,267
肺炎,20191120,263
肺炎,20191121,281
肺炎,20191122,301
肺炎,20191123,277
肺炎,20191124,290
肺炎,20191125,298
肺炎,20191126,330
肺炎,20191127,324
肺炎,20191128,358
肺炎,20191129,324
肺炎,20191130,379
胃肠功能紊乱,20190201,34
胃肠功能紊乱,20190202,31
胃肠功能紊乱,20190203,43
胃肠功能紊乱,20190204,31
胃肠功能紊乱,20190205,39
胃肠功能紊乱,20190206,40
胃肠功能紊乱,20190207,38
胃肠功能紊乱,20190208,46
胃肠功能紊乱,20190209,40
胃肠功能紊乱,20190210,54
胃肠功能紊乱,20190211,40
胃肠功能紊乱,20190212,43
胃肠功能紊乱,20190213,33
胃肠功能紊乱,20190214,25
胃肠功能紊乱,20190215,35
胃肠功能紊乱,20190216,42
胃肠功能紊乱,20190217,38
胃肠功能紊乱,20190218,36
胃肠功能紊乱,20190219,24
胃肠功能紊乱,20190220,30
胃肠功能紊乱,20190221,29
胃肠功能紊乱,20190222,34
胃肠功能紊乱,20190223,25
胃肠功能紊乱,20190224,42
胃肠功能紊乱,20190225,38
胃肠功能紊乱,20190226,41
胃肠功能紊乱,20190227,25
胃肠功能紊乱,20190228,45
胃肠功能紊乱,20190501,17
胃肠功能紊乱,20190502,20
胃肠功能紊乱,20190503,16
胃肠功能紊乱,20190504,26
胃肠功能紊乱,20190505,31
胃肠功能紊乱,20190506,13
胃肠功能紊乱,20190507,26
胃肠功能紊乱,20190508,29
胃肠功能紊乱,20190509,29
胃肠功能紊乱,20190510,19
胃肠功能紊乱,20190511,40
胃肠功能紊乱,20190512,10
胃肠功能紊乱,20190513,14
胃肠功能紊乱,20190514,23
胃肠功能紊乱,20190515,27
胃肠功能紊乱,20190516,34
胃肠功能紊乱,20190517,25
胃肠功能紊乱,20190518,17
胃肠功能紊乱,20190519,34
胃肠功能紊乱,20190520,21
胃肠功能紊乱,20190521,31
胃肠功能紊乱,20190522,32
胃肠功能紊乱,20190523,27
胃肠功能紊乱,20190524,22
胃肠功能紊乱,20190525,37
胃肠功能紊乱,20190526,30
胃肠功能紊乱,20190527,29
胃肠功能紊乱,20190528,21
胃肠功能紊乱,20190529,60
胃肠功能紊乱,20190530,29
胃肠功能紊乱,20190531,28
胃肠功能紊乱,20190801,18
胃肠功能紊乱,20190802,13
胃肠功能紊乱,20190803,21
胃肠功能紊乱,20190804,22
胃肠功能紊乱,20190805,38
胃肠功能紊乱,20190806,37
胃肠功能紊乱,20190807,26
胃肠功能紊乱,20190808,21
胃肠功能紊乱,20190809,33
胃肠功能紊乱,20190810,27
胃肠功能紊乱,20190811,21
胃肠功能紊乱,20190812,27
胃肠功能紊乱,20190813,26
胃肠功能紊乱,20190814,19
胃肠功能紊乱,20190815,33
胃肠功能紊乱,20190816,24
胃肠功能紊乱,20190817,24
胃肠功能紊乱,20190818,38
胃肠功能紊乱,20190819,29
胃肠功能紊乱,20190820,20
胃肠功能紊乱,20190821,16
胃肠功能紊乱,20190822,29
胃肠功能紊乱,20190823,26
胃肠功能紊乱,20190824,33
胃肠功能紊乱,20190825,39
胃肠功能紊乱,20190826,17
胃肠功能紊乱,20190827,35
胃肠功能紊乱,20190828,32
胃肠功能紊乱,20190829,23
胃肠功能紊乱,20190830,18
胃肠功能紊乱,20190831,24
胃肠功能紊乱,20191101,36
胃肠功能紊乱,20191102,39
胃肠功能紊乱,20191103,50
胃肠功能紊乱,20191104,30
胃肠功能紊乱,20191105,38
胃肠功能紊乱,20191106,45
胃肠功能紊乱,20191107,38
胃肠功能紊乱,20191108,42
胃肠功能紊乱,20191109,42
胃肠功能紊乱,20191110,29
胃肠功能紊乱,20191111,38
胃肠功能紊乱,20191112,50
胃肠功能紊乱,20191113,48
胃肠功能紊乱,20191114,35
胃肠功能紊乱,20191115,49
胃肠功能紊乱,20191116,37
胃肠功能紊乱,20191117,35
胃肠功能紊乱,20191118,33
胃肠功能紊乱,20191119,55
胃肠功能紊乱,20191120,31
胃肠功能紊乱,20191121,29
胃肠功能紊乱,20191122,39
胃肠功能紊乱,20191123,55
胃肠功能紊乱,20191124,31
胃肠功能紊乱,20191125,29
胃肠功能紊乱,20191126,48
胃肠功能紊乱,20191127,54
胃肠功能紊乱,20191128,26
胃肠功能紊乱,20191129,46
胃肠功能紊乱,20191130,29
腹泻,20190201,32
腹泻,20190202,27
腹泻,20190203,27
腹泻,20190204,8
腹泻,20190205,32
腹泻,20190206,16
腹泻,20190207,20
腹泻,20190208,12
腹泻,20190209,25
腹泻,20190210,17
腹泻,20190211,23
腹泻,20190212,23
腹泻,20190213,21
腹泻,20190214,23
腹泻,20190215,25
腹泻,20190216,37
腹泻,20190217,37
腹泻,20190218,23
腹泻,20190219,18
腹泻,20190220,24
腹泻,20190221,16
腹泻,20190222,16
腹泻,20190223,16
腹泻,20190224,26
腹泻,20190225,27
腹泻,20190226,21
腹泻,20190227,13
腹泻,20190228,8
腹泻,20190501,18
腹泻,20190502,10
腹泻,20190503,28
腹泻,20190504,15
腹泻,20190505,24
腹泻,20190506,21
腹泻,20190507,40
腹泻,20190508,14
腹泻,20190509,14
腹泻,20190510,32
腹泻,20190511,11
腹泻,20190512,34
腹泻,20190513,27
腹泻,20190514,28
腹泻,20190515,11
腹泻,20190516,11
腹泻,20190517,28
腹泻,20190518,23
腹泻,20190519,19
腹泻,20190520,29
腹泻,20190521,41
腹泻,20190522,19
腹泻,20190523,12
腹泻,20190524,37
腹泻,20190525,21
腹泻,20190526,27
腹泻,20190527,25
腹泻,20190528,42
腹泻,20190529,15
腹泻,20190530,14
腹泻,20190531,37
腹泻,20190801,17
腹泻,20190802,47
腹泻,20190803,26
腹泻,20190804,65
腹泻,20190805,51
腹泻,20190806,40
腹泻,20190807,23
腹泻,20190808,12
腹泻,20190809,29
腹泻,20190810,8
腹泻,20190811,21
腹泻,20190812,25
腹泻,20190813,19
腹泻,20190814,6
腹泻,20190815,13
腹泻,20190816,27
腹泻,20190817,7
腹泻,20190818,31
腹泻,20190819,46
腹泻,20190820,33
腹泻,20190821,12
腹泻,20190822,10
腹泻,20190823,36
腹泻,20190824,10
腹泻,20190825,36
腹泻,20190826,32
腹泻,20190827,46
腹泻,20190828,6
腹泻,20190829,5
腹泻,20190830,20
腹泻,20190831,5
腹泻,20191101,6
腹泻,20191102,4
腹泻,20191103,7
腹泻,20191104,11
腹泻,20191105,2
腹泻,20191106,1
腹泻,20191107,3
腹泻,20191108,3
腹泻,20191110,2
腹泻,20191111,7
腹泻,20191112,3
腹泻,20191113,1
腹泻,20191114,3
腹泻,20191115,6
腹泻,20191116,2
腹泻,20191117,4
腹泻,20191118,5
腹泻,20191120,6
腹泻,20191121,3
腹泻,20191122,2
腹泻,20191123,3
腹泻,20191124,7
腹泻,20191125,6
腹泻,20191126,5
腹泻,20191127,8
腹泻,20191128,1
腹泻,20191129,3
腹泻,20191130,8
腹痛,20190201,62
腹痛,20190202,44
腹痛,20190203,39
腹痛,20190204,37
腹痛,20190205,22
腹痛,20190206,40
腹痛,20190207,36
腹痛,20190208,41
腹痛,20190209,61
腹痛,20190210,57
腹痛,20190211,61
腹痛,20190212,78
腹痛,20190213,49
腹痛,20190214,65
腹痛,20190215,68
腹痛,20190216,74
腹痛,20190217,68
腹痛,20190218,55
腹痛,20190219,67
腹痛,20190220,63
腹痛,20190221,72
腹痛,20190222,76
腹痛,20190223,49
腹痛,20190224,61
腹痛,20190225,94
腹痛,20190226,75
腹痛,20190227,67
腹痛,20190228,89
腹痛,20190501,73
腹痛,20190502,59
腹痛,20190503,66
腹痛,20190504,83
腹痛,20190505,61
腹痛,20190506,74
腹痛,20190507,127
腹痛,20190508,71
腹痛,20190509,116
腹痛,20190510,84
腹痛,20190511,99
腹痛,20190512,94
腹痛,20190513,97
腹痛,20190514,99
腹痛,20190515,97
腹痛,20190516,99
腹痛,20190517,93
腹痛,20190518,123
腹痛,20190519,92
腹痛,20190520,62
腹痛,20190521,86
腹痛,20190522,95
腹痛,20190523,89
腹痛,20190524,99
腹痛,20190525,93
腹痛,20190526,68
腹痛,20190527,73
腹痛,20190528,114
腹痛,20190529,103
腹痛,20190530,75
腹痛,20190531,94
腹痛,20190801,84
腹痛,20190802,67
腹痛,20190803,72
腹痛,20190804,75
腹痛,20190805,83
腹痛,20190806,89
腹痛,20190807,78
腹痛,20190808,80
腹痛,20190809,91
腹痛,20190810,62
腹痛,20190811,53
腹痛,20190812,71
腹痛,20190813,86
腹痛,20190814,61
腹痛,20190815,73
腹痛,20190816,56
腹痛,20190817,61
腹痛,20190818,74
腹痛,20190819,81
腹痛,20190820,96
腹痛,20190821,79
腹痛,20190822,68
腹痛,20190823,114
腹痛,20190824,68
腹痛,20190825,70
腹痛,20190826,78
腹痛,20190827,86
腹痛,20190828,68
腹痛,20190829,91
腹痛,20190830,73
腹痛,20190831,73
腹痛,20191101,82
腹痛,20191102,73
腹痛,20191103,98
腹痛,20191104,105
腹痛,20191105,108
腹痛,20191106,129
腹痛,20191107,123
腹痛,20191108,101
腹痛,20191109,77
腹痛,20191110,68
腹痛,20191111,100
腹痛,20191112,115
腹痛,20191113,98
腹痛,20191114,78
腹痛,20191115,102
腹痛,20191116,97
腹痛,20191117,81
腹痛,20191118,102
腹痛,20191119,85
腹痛,20191120,86
腹痛,20191121,79
腹痛,20191122,89
腹痛,20191123,91
腹痛,20191124,78
腹痛,20191125,83
腹痛,20191126,114
腹痛,20191127,101
腹痛,20191128,103
腹痛,20191129,107
腹痛,20191130,83
荨麻疹,20190201,14
荨麻疹,20190202,14
荨麻疹,20190203,14
荨麻疹,20190204,10
荨麻疹,20190205,15
荨麻疹,20190206,16
荨麻疹,20190207,10
荨麻疹,20190208,9
荨麻疹,20190209,15
荨麻疹,20190210,8
荨麻疹,20190211,20
荨麻疹,20190212,18
荨麻疹,20190213,19
荨麻疹,20190214,7
荨麻疹,20190215,10
荨麻疹,20190216,13
荨麻疹,20190217,9
荨麻疹,20190218,12
荨麻疹,20190219,7
荨麻疹,20190220,11
荨麻疹,20190221,13
荨麻疹,20190222,23
荨麻疹,20190223,21
荨麻疹,20190224,10
荨麻疹,20190225,12
荨麻疹,20190226,15
荨麻疹,20190227,16
荨麻疹,20190228,14
荨麻疹,20190501,20
荨麻疹,20190502,10
荨麻疹,20190503,6
荨麻疹,20190504,8
荨麻疹,20190505,16
荨麻疹,20190506,20
荨麻疹,20190507,15
荨麻疹,20190508,20
荨麻疹,20190509,8
荨麻疹,20190510,16
荨麻疹,20190511,17
荨麻疹,20190512,18
荨麻疹,20190513,29
荨麻疹,20190514,22
荨麻疹,20190515,20
荨麻疹,20190516,23
荨麻疹,20190517,22
荨麻疹,20190518,29
荨麻疹,20190519,12
荨麻疹,20190520,16
荨麻疹,20190521,25
荨麻疹,20190522,15
荨麻疹,20190523,11
荨麻疹,20190524,16
荨麻疹,20190525,22
荨麻疹,20190526,19
荨麻疹,20190527,25
荨麻疹,20190528,24
荨麻疹,20190529,15
荨麻疹,20190530,15
荨麻疹,20190531,14
荨麻疹,20190801,12
荨麻疹,20190802,18
荨麻疹,20190803,28
荨麻疹,20190804,9
荨麻疹,20190805,36
荨麻疹,20190806,23
荨麻疹,20190807,24
荨麻疹,20190808,25
荨麻疹,20190809,28
荨麻疹,20190810,36
荨麻疹,20190811,10
荨麻疹,20190812,10
荨麻疹,20190813,10
荨麻疹,20190814,27
荨麻疹,20190815,25
荨麻疹,20190816,13
荨麻疹,20190817,25
荨麻疹,20190818,26
荨麻疹,20190819,23
荨麻疹,20190820,15
荨麻疹,20190821,26
荨麻疹,20190822,16
荨麻疹,20190823,23
荨麻疹,20190824,16
荨麻疹,20190825,7
荨麻疹,20190826,31
荨麻疹,20190827,16
荨麻疹,20190828,36
荨麻疹,20190829,34
荨麻疹,20190830,26
荨麻疹,20190831,25
荨麻疹,20191101,15
荨麻疹,20191102,27
荨麻疹,20191103,24
荨麻疹,20191104,18
荨麻疹,20191105,24
荨麻疹,20191106,23
荨麻疹,20191107,20
荨麻疹,20191108,16
荨麻疹,20191109,18
荨麻疹,20191110,24
荨麻疹,20191111,15
荨麻疹,20191112,14
荨麻疹,20191113,21
荨麻疹,20191114,22
荨麻疹,20191115,14
荨麻疹,20191116,22
荨麻疹,20191117,10
荨麻疹,20191118,31
荨麻疹,20191119,26
荨麻疹,20191120,19
荨麻疹,20191121,18
荨麻疹,20191122,12
荨麻疹,20191123,21
荨麻疹,20191124,13
荨麻疹,20191125,18
荨麻疹,20191126,25
荨麻疹,20191127,25
荨麻疹,20191128,18
荨麻疹,20191129,14
荨麻疹,20191130,21
